1,0.0,0,0,5405.29931640625,1.4210854715202004e-17,-0.12909217178821564,-3.552713678800501e-17
2,2.809619238476954e-05,0,0,5405.299131347656,0.0002708598749024844,-0.12909216611087324,-0.004103025025788931
3,5.619238476953908e-05,0,0,5405.298188964844,0.0005472085194813871,-0.12908885210752488,-0.008210909470634178
4,8.428857715430862e-05,0,0,5405.281400390625,0.0009095296017366792,-0.12902923050522805,-0.012395116072191932
5,0.00011238476953907816,0,0,5405.259728515625,0.0012912944352291619,-0.12895224211364983,-0.016596538029887968
6,0.0001404809619238477,0,0,5405.236408203125,0.0016777364125148608,-0.12886941923201084,-0.020802107385775835
7,0.00016857715430861723,0,0,5405.212323242187,0.0020659212840269704,-0.1287838303670287,-0.025009220429898314
8,0.00019667334669338677,0,0,5405.187808105468,0.002454935842373146,-0.12869671500474214,-0.029216997825269153
9,0.00022476953907815632,0,0,5405.163,0.002844341997767273,-0.12860862872749568,-0.03342520039424028
10,0.00025286573146292583,0,0,5405.138034667969,0.003233983278372591,-0.12851995150744916,-0.03763359770201423
11,0.0002809619238476954,0,0,5405.112947753906,0.0036237375853919646,-0.12843081975728274,-0.041842183394159946
12,0.0003090581162324649,0,0,5405.0877670898435,0.004013633297562947,-0.1283413648083806,-0.046050809953505994
13,0.00033715430861723446,0,0,5405.062524414063,0.004403625589578724,-0.12825167597830295,-0.050259459496409226
14,0.000365250501002004,0,0,5405.037213378906,0.004793628128855644,-0.1281618123948574,-0.05446818554385447
15,0.00039334669338677355,0,0,5405.011890625,0.005183628346212018,-0.12807181717455388,-0.05867697847388404
16,0.0004214428857715431,0,0,5404.986515625,0.005573727352331829,-0.1279816974028945,-0.06288571534756343
17,0.00044953907815631263,0,0,5404.961113769531,0.005963777564970286,-0.1278914779573679,-0.06709454713502135
18,0.0004776352705410822,0,0,5404.935708496094,0.006353867589116959,-0.127801197566092,-0.07130335763125588
19,0.0005057314629258517,0,0,5404.9102734375,0.006743973942192809,-0.12771084892004728,-0.07551217560718548
20,0.0005338276553106213,0,0,5404.884815917969,0.007134093295045517,-0.127620442956686,-0.07972099917866884
21,0.0005619238476953907,0,0,5404.859366699218,0.007524248764707423,-0.1275300104022026,-0.08392978866433588
22,0.0005900200400801603,0,0,5404.8338940429685,0.00791437296778011,-0.12743951125442982,-0.08813863609541724
23,0.0006181162324649298,0,0,5404.8230546875,0.008327057503391843,-0.12742224485427142,-0.09229569093133017
24,0.0006462124248496994,0,0,5404.827803710938,0.008763286066028685,-0.12748297388851643,-0.09639879988929399
25,0.0006743086172344689,0,0,5404.840939941406,0.00921139578186714,-0.12758566241711378,-0.1004744124706114
26,0.0007024048096192385,0,0,5404.86012890625,0.00966799773115234,-0.12771864988654852,-0.10453088264778797
27,0.000730501002004008,0,0,5404.884020019531,0.010130664082848554,-0.1278751780465245,-0.10857323272234143
28,0.0007585971943887776,0,0,5404.911791992187,0.010598325606867234,-0.1280510665550828,-0.11260422531836038
29,0.0007866933867735471,0,0,5404.942763183593,0.011069820168138605,-0.128243057385087,-0.1166263172393891
30,0.0008147895791583167,0,0,5404.976487304688,0.011544559560890164,-0.12844880556315183,-0.1206408784216693
31,0.0008428857715430862,0,0,5405.023831054687,0.012096827206909666,-0.12868669889867307,-0.12462838719754046
32,0.0008709819639278558,0,0,5405.080609375,0.012699063462561725,-0.12894823223352433,-0.12859724643304202
33,0.0008990781563126253,0,0,5405.143893554688,0.013332770120536325,-0.12922732669860124,-0.13255339138066582
34,0.0009271743486973948,0,0,5405.212344238281,0.013989577350001042,-0.12952096774429084,-0.13649965767917688
35,0.0009552705410821644,0,0,5405.285091796875,0.014664738697451853,-0.12982690238952638,-0.14043808670740315
36,0.000983366733466934,0,0,5405.361487792969,0.015354648870640503,-0.1301435206755996,-0.1443697548340744
37,0.0010114629258517033,0,0,5405.441119628907,0.016057227378706868,-0.1304696813225746,-0.14829556560781362
38,0.001039559118236473,0,0,5405.5232099609375,0.016770625485132983,-0.130802554897964,-0.15221717808278942
39,0.0010676553106212425,0,0,5405.604315429688,0.01749653006428251,-0.13112639981508256,-0.15613831405455827
40,0.0010957515030060121,0,0,5405.684130859375,0.01823275826082059,-0.1314406388476491,-0.1600596436732475
41,0.0011238476953907815,0,0,5405.771250488281,0.01900961899394824,-0.13183121479302645,-0.16399819835107762
42,0.001151943887775551,0,0,5405.872846191406,0.01984686938044389,-0.13236643777787685,-0.16795928939218036
43,0.0011800400801603207,0,0,5405.991494628906,0.02071871536831368,-0.13310139200091362,-0.17193500687986835
44,0.0012081362725450903,0,0,5406.118785644531,0.021594411065776257,-0.13404402494430542,-0.17592768923151653
45,0.0012362324649298597,0,0,5406.2517578125,0.022467364118196328,-0.13508543618768454,-0.1799248674440288
46,0.0012643286573146293,0,0,5406.3891767578125,0.02333738943371142,-0.13619728396087885,-0.1839235724388732
47,0.0012924248496993989,0,0,5406.529170410156,0.024208340831436928,-0.13736026353389025,-0.18792304631987852
48,0.0013205210420841685,0,0,5406.671576171875,0.025079784216589532,-0.13856764812022448,-0.19192319746437997
49,0.0013486172344689378,0,0,5406.816160644531,0.02595184327798245,-0.13981409765034913,-0.19592466813780107
50,0.0013767134268537074,0,0,5406.962626953125,0.026824726035697695,-0.14109572503715753,-0.19992675771137056
51,0.001404809619238477,0,0,5407.110779785156,0.02769752374833243,-0.14240793592482806,-0.20392989708203368
52,0.0014329058116232464,0,0,5407.260687011719,0.028570755004732506,-0.1437494827285409,-0.20793359521415955
53,0.001461002004008016,0,0,5407.411996582031,0.029443899749612798,-0.1451167469471693,-0.21193831712428687
54,0.0014890981963927856,0,0,5407.56471484375,0.030317229919874792,-0.146507793918252,-0.21594364982157935
55,0.0015171943887775552,0,0,5407.718690429688,0.03119056986499838,-0.14792044929414988,-0.21994982347546363
56,0.0015452905811623246,0,0,5407.873900878906,0.03206385484063797,-0.14935448662936687,-0.2239566029640896
57,0.0015733867735470942,0,0,5408.030137207032,0.03293722827464487,-0.15080674628168345,-0.22796431364869107
58,0.0016014829659318638,0,0,5408.187474609375,0.03381023475494064,-0.15227692638337612,-0.23197248340019969
59,0.0016295791583166334,0,0,5408.345789550781,0.034683311803650654,-0.15376342119276523,-0.23598125463309652
60,0.0016576753507014028,0,0,5408.504999023437,0.03555613729927822,-0.15526579859107734,-0.2399908890614118
61,0.0016857715430861724,0,0,5408.665107421875,0.03642885079067106,-0.15678180126845837,-0.24400095960304696
62,0.001713867735470942,0,0,5408.826008300781,0.037301589022564585,-0.15831221820414065,-0.24801172299872862
63,0.0017419639278557116,0,0,5408.9993247070315,0.038208720688714976,-0.15991070637851953,-0.25203260651511195
64,0.001770060120240481,0,0,5409.188851074219,0.03916664414613328,-0.1615976283401251,-0.2560613606853947
65,0.0017981563126252505,0,0,5409.395383789062,0.04018918520251269,-0.163378281340003,-0.2600898600366705
66,0.0018262525050100201,0,0,5409.612829101562,0.041250469622425956,-0.16522149846702813,-0.2641208554705051
67,0.0018543486973947895,0,0,5409.839064453125,0.04234201389106107,-0.1671157562583685,-0.26815427830545696
68,0.001882444889779559,0,0,5410.073018554687,0.04345892386595639,-0.1690552447065711,-0.27219029132913974
69,0.0019105410821643287,0,0,5410.313650878907,0.044597272190749916,-0.17103467221558094,-0.27622902230456375
70,0.0019386372745490983,0,0,5410.560093261719,0.04575501542006167,-0.17304900880903007,-0.2802697277999114
71,0.001966733466933868,0,0,5410.811975585938,0.046929750830694186,-0.17509688674658536,-0.2843124208193736
72,0.0019948296593186375,0,0,5411.068911132813,0.04811955499756985,-0.17717543774843217,-0.28835725381315547
73,0.0020229258517034067,0,0,5411.328404785157,0.0493323441736577,-0.17928079989552498,-0.29241931356313716
74,0.0020510220440881763,0,0,5411.588787109375,0.05057108502058264,-0.18141175328940154,-0.2965070039220186
75,0.002079118236472946,0,0,5411.850897460938,0.05182791486669672,-0.18356302273273467,-0.30060689210205027
76,0.0021072144288577154,0,0,5412.11500390625,0.05309957492454302,-0.18573561836034058,-0.3047155981094352
77,0.002135310621242485,0,0,5412.381143554688,0.05438388664352317,-0.1879272734373808,-0.30883188237819204
78,0.0021634068136272546,0,0,5412.649146972656,0.05567960374764096,-0.19013677760213613,-0.3129541395375001
79,0.0021915030060120242,0,0,5412.918974121094,0.05698539845570947,-0.19236291143298148,-0.3170814937855638
80,0.002219599198396794,0,0,5413.190688476562,0.058300737667716845,-0.19460532866418362,-0.32121310920896157
81,0.002247695390781563,0,0,5413.464901367188,0.05962286539674227,-0.19686987010389567,-0.3253484377280303
82,0.0022757915831663326,0,0,5413.746346679687,0.06094354685126307,-0.19919630002975464,-0.329485037660128
83,0.002303887775551102,0,0,5414.034325195313,0.06226341956462667,-0.2015777706131339,-0.33362289565480374
84,0.002331983967935872,0,0,5414.327979980469,0.06358258150117116,-0.2040058864802122,-0.3377620878092378
85,0.0023600801603206414,0,0,5414.626674804687,0.06490137372772013,-0.20647574944794178,-0.34190250836836195
86,0.002388176352705411,0,0,5414.930056640625,0.06622030410505152,-0.2089836134389043,-0.3460443417053803
87,0.0024162725450901806,0,0,5415.237721679688,0.06753930382989022,-0.21152609274536371,-0.3501874602945094
88,0.0024443687374749497,0,0,5415.549379394532,0.06885856116137187,-0.21410071805119515,-0.3543315440030687
89,0.0024724649298597193,0,0,5415.865465820312,0.07016891164503798,-0.21674237769842147,-0.35847602491919583
90,0.002500561122244489,0,0,5416.185017578125,0.07147189746870249,-0.21944051092863082,-0.36262223169027563
91,0.0025286573146292585,0,0,5416.507189941406,0.07277182479746484,-0.222174290522933,-0.3667704503004305
92,0.002556753507014028,0,0,5416.831623046875,0.07406947783173894,-0.22493767454475164,-0.3709207459435678
93,0.0025848496993987977,0,0,5417.164583496094,0.07535435502148079,-0.22777030012756586,-0.37509322017237845
94,0.0026129458917835673,0,0,5417.505584960937,0.07662577779167778,-0.23067028302699327,-0.3792891864624378
95,0.002641042084168337,0,0,5417.852344238281,0.07788967961361726,-0.23362101139128208,-0.3834996592149214
96,0.002669138276553106,0,0,5418.206204101562,0.07914100587966005,-0.23664469313621522,-0.3877321896714106
97,0.0026972344689378757,0,0,5418.571225585937,0.08038638836526082,-0.2397607051804662,-0.3919781151126158
98,0.0027253306613226453,0,0,5418.942890625,0.08162837563135895,-0.24293905048817396,-0.3962311635485933
99,0.002753426853707415,0,0,5419.3191640625,0.0828669209880536,-0.24616781564056872,-0.40049110394301957
100,0.0027815230460921845,0,0,5419.699695800781,0.08410218586563965,-0.24944130294024944,-0.404756831007237
101,0.002809619238476954,0,0,5420.083565917968,0.08533407506219036,-0.25275546543300154,-0.40902848915870016
102,0.0028377154308617237,0,0,5420.470857421875,0.08656317744032643,-0.25610806649923323,-0.41330504347926855
103,0.002865811623246493,0,0,5420.860982910156,0.08778911022390098,-0.259495343670249,-0.41758640174538714
104,0.0028939078156312624,0,0,5421.253765136718,0.08901211725216879,-0.2629154426306486,-0.42187219168580226
105,0.002922004008016032,0,0,5421.649162109375,0.0902328482883527,-0.26636658032238486,-0.4261617996118698
106,0.0029501002004008016,0,0,5422.046967773437,0.09145058373225452,-0.2698463530987501,-0.4304551442586499
107,0.0029781963927855712,0,0,5422.446866699219,0.09266616253470739,-0.2733547133952379,-0.4347524123629841
108,0.003006292585170341,0,0,5422.849185058593,0.0938789607199505,-0.27688963490724566,-0.43905275327621685
109,0.0030343887775551104,0,0,5423.253278808594,0.09508960809111242,-0.28044852140545845,-0.4433561163324202
110,0.00306248496993988,0,0,5423.65944140625,0.09629782970126374,-0.28403196184337137,-0.44766240392592804
111,0.003090581162324649,0,0,5424.067336914062,0.0975038330929818,-0.2876375212818384,-0.45197148321315594
112,0.0031186773547094188,0,0,5424.47685546875,0.09870750421131495,-0.2912648884803057,-0.45628338057968404
113,0.0031467735470941884,0,0,5424.888259277343,0.09990952359737072,-0.2949140013307333,-0.46059762969004886
114,0.003174869739478958,0,0,5425.301122070313,0.10110889157923819,-0.29858308684825896,-0.4649144207812237
115,0.0032029659318637276,0,0,5425.715047851562,0.10230731465653392,-0.30227144630253316,-0.46923321278544516
116,0.003231062124248497,0,0,5426.12923828125,0.10350664118176701,-0.3059769826680422,-0.4735534350728517
117,0.0032591583166332668,0,0,5426.544447265625,0.10470458384817855,-0.30970024114847183,-0.47787794757630647
118,0.003287254509018036,0,0,5426.96158984375,0.10590046380297566,-0.31344058793783186,-0.48220682064349374
119,0.0033153507014028055,0,0,5427.378522949219,0.10710498448680075,-0.31718131591379645,-0.4865374415267396
120,0.003343446893787575,0,0,5427.796002929687,0.10831749238970838,-0.3209233482480049,-0.4908695722828334
121,0.0033715430861723447,0,0,5428.213893554687,0.10953376264467214,-0.3246713994294405,-0.4952040295667536
122,0.0033996392785571143,0,0,5428.632447265625,0.11075282143676483,-0.32842580959200857,-0.49954099815929714
123,0.003427735470941884,0,0,5429.051780761719,0.11197428593526482,-0.33218803507089617,-0.5038799085649364
124,0.0034558316633266535,0,0,5429.471974609375,0.11319679593811151,-0.3359589700549841,-0.5082216468588632
125,0.003483927855711423,0,0,5429.892068359375,0.11442000754161333,-0.3397384223788977,-0.5125650141647741
126,0.0035120240480961923,0,0,5430.311774414063,0.115643760938221,-0.343526963531971,-0.5169098126261337
127,0.003540120240480962,0,0,5430.7315024414065,0.11686793502049497,-0.34732407847046853,-0.5212558088449131
128,0.0035682164328657315,0,0,5431.151286621094,0.11809217378053018,-0.351129852771759,-0.5256036284620432
129,0.003596312625250501,0,0,5431.571278808594,0.11931621027120357,-0.3549447982609272,-0.5299531746601587
130,0.0036244088176352707,0,0,5431.991243652344,0.1205398937896262,-0.3587663881033659,-0.5343039750113772
131,0.0036525050100200403,0,0,5432.410821777344,0.12176267357629666,-0.3625952106565237,-0.5386555718969994
132,0.00368060120240481,0,0,5432.830099121094,0.12298376609302886,-0.3664309667646885,-0.5430083699711953
133,0.003708697394789579,0,0,5433.250238769531,0.12418238726443381,-0.3703100607842207,-0.5473686832006371
134,0.0037367935871743486,0,0,5433.672974609375,0.12531317852682,-0.3743162994086742,-0.5517515100195793
135,0.003764889779559118,0,0,5434.099446289062,0.12640583196443755,-0.37839568993449213,-0.5561497658584506
136,0.003792985971943888,0,0,5434.530246582031,0.12746914511446208,-0.38253294862806797,-0.5605614002842298
137,0.0038210821643286574,0,0,5434.964703125,0.1285089938741349,-0.3867179318368435,-0.5649842330602749
138,0.003849178356713427,0,0,5435.402350097656,0.12952624432964294,-0.3909463479369879,-0.5694165441023699
139,0.0038772745490981966,0,0,5435.841568847656,0.13052479984076082,-0.3952111318409443,-0.573855828979457
140,0.003905370741482966,0,0,5436.283684082031,0.13152141537513062,-0.399507038295269,-0.5783023140236125
141,0.003933466933867736,0,0,5436.734276367188,0.13252496662851734,-0.40383396443724634,-0.5827591272289617
142,0.003961563126252505,0,0,5437.196048828125,0.13352941963743187,-0.40819157055020333,-0.5872269661240074
143,0.003989659318637275,0,0,5437.660428222656,0.1345261508919362,-0.41258358979225157,-0.5917000355446986
144,0.004017755511022045,0,0,5438.115510253906,0.13549673353800717,-0.4170298412442207,-0.5961688602824928
145,0.004045851703406813,0,0,5438.567637695312,0.13645325953022788,-0.42151717641949654,-0.6006370103574831
146,0.004073947895791583,0,0,5439.019427734375,0.13739967238962766,-0.4260397441089153,-0.6051057100332892
147,0.0041020440881763525,0,0,5439.466220214844,0.13832963778088467,-0.4306058051288128,-0.6095884009724857
148,0.004130140280561122,0,0,5439.89653125,0.13922903319916513,-0.4352359926700592,-0.6141068294332577
149,0.004158236472945892,0,0,5440.317038574219,0.1401075849083665,-0.43991487863659856,-0.6186466893854272
150,0.004186332665330661,0,0,5440.731533691406,0.14097035320673912,-0.4446325216591358,-0.623202203601883
151,0.004214428857715431,0,0,5441.1412036132815,0.14181911247885615,-0.4493859550058842,-0.6277715199589988
152,0.0042425250501002005,0,0,5441.545898925781,0.1426542934899724,-0.4541739683747292,-0.6323538470460789
153,0.00427062124248497,0,0,5441.946342773437,0.14347874532704114,-0.458992960780859,-0.6369473721892366
154,0.00429871743486974,0,0,5442.342520019532,0.14429200456426206,-0.4638424245119095,-0.6415514432080851
155,0.004326813627254509,0,0,5442.735134277344,0.14509542138068154,-0.4687202024757862,-0.6461654851420312
156,0.004354909819639279,0,0,5443.117894042969,0.14589269301831592,-0.47363421058654787,-0.6508012140437175
157,0.0043830060120240485,0,0,5443.4908056640625,0.14668540188035709,-0.47859002634882924,-0.6554615352930596
158,0.004411102204408818,0,0,5443.856872558594,0.14747149442436666,-0.48358328759670255,-0.6601398203109529
159,0.004439198396793588,0,0,5444.217241210938,0.1482509837882528,-0.48861209309101106,-0.6648340871942375
160,0.004467294589178356,0,0,5444.572481445312,0.14902472462959157,-0.49367348447442055,-0.6695425905587767
161,0.004495390781563126,0,0,5444.922700195312,0.1497929196046466,-0.49876572823524473,-0.6742647247711521
162,0.004523486973947896,0,0,5445.268624511718,0.1505547409927614,-0.503890104085207,-0.6789990878516996
163,0.004551583166332665,0,0,5445.606722167969,0.15131431181448463,-0.5090414941310882,-0.6837478060794849
164,0.004579679358717435,0,0,5445.9396640625,0.15207057988151615,-0.5142192063927651,-0.6885078988862675
165,0.004607775551102204,0,0,5446.268343261719,0.15282128364881584,-0.5194244290292263,-0.6932794583941476
166,0.004635871743486974,0,0,5446.59330859375,0.15356720085454645,-0.5246552639901638,-0.6980607210730377
167,0.004663967935871744,0,0,5446.914681152344,0.1543093661513218,-0.5299097609817982,-0.7028514902150068
168,0.004692064128256513,0,0,5447.232995605469,0.15504773513628278,-0.5351909185647965,-0.7076512495753234
169,0.004720160320641283,0,0,5447.5488100585935,0.15578189931160705,-0.5404968235492706,-0.7124602731313052
170,0.004748256513026052,0,0,5447.861775878906,0.1565128049052015,-0.5458274804651737,-0.7172774604861224
171,0.004776352705410822,0,0,5448.172247558594,0.15724065002922605,-0.5511813726127147,-0.7221036101974668
172,0.004804448897795592,0,0,5448.480604980468,0.15796511244585634,-0.5565595112144947,-0.7269373528272248
173,0.004832545090180361,0,0,5448.78651953125,0.15868619565506065,-0.5619594751894474,-0.7317787215926406
174,0.004860641282565131,0,0,5449.090135253906,0.15940444080644514,-0.5673808216452598,-0.7366278961200303
175,0.0048887374749498995,0,0,5449.391463867188,0.16011904902821267,-0.5728240802288055,-0.7414843037096726
176,0.004916833667334669,0,0,5449.691066894531,0.1608319380247328,-0.5782884697914124,-0.7463471372982217
177,0.004944929859719439,0,0,5449.988725585938,0.16154148305472896,-0.5837728730440139,-0.7512169663763059
178,0.004973026052104208,0,0,5450.283697265625,0.16224762355944392,-0.5892773605883121,-0.756094256315577
179,0.005001122244488978,0,0,5450.563798828125,0.16295621908278152,-0.5948112343549729,-0.7609959032756882
180,0.0050292184368737475,0,0,5450.823170898438,0.1636740594000487,-0.600371961236,-0.7659217678844279
181,0.005057314629258517,0,0,5451.068966308594,0.16439408534802927,-0.6059579644799232,-0.7708665579084347
182,0.005085410821643287,0,0,5451.3042172851565,0.1651140476466192,-0.6115551761388779,-0.7758326032478327
183,0.005113507014028056,0,0,5451.533849121094,0.16582266678770166,-0.6171783648431302,-0.7808517993508477
184,0.005141603206412826,0,0,5451.757494628906,0.166520987274733,-0.6228243327438832,-0.7859212211936463
185,0.0051696993987975955,0,0,5451.9762421875,0.16721121576838385,-0.6284909467995167,-0.7910292903328202
186,0.005197795591182365,0,0,5452.19101953125,0.16789473416044934,-0.634173170119524,-0.7961719299249818
187,0.005225891783567135,0,0,5452.400099609375,0.16856649256863415,-0.6398739652633667,-0.8013445013229534
188,0.005253987975951904,0,0,5452.587765136719,0.1691958135617166,-0.6456097980737686,-0.8065392451243573
189,0.005282084168336674,0,0,5452.762902832032,0.16980142414827287,-0.6513781732618809,-0.8117607714212043
190,0.005310180360721443,0,0,5452.929860351563,0.17039321372033284,-0.6571786443889142,-0.8170087533298784
191,0.005338276553106212,0,0,5453.089885742187,0.17097413175242912,-0.6630071624815465,-0.8222821590966365
192,0.005366372745490982,0,0,5453.243379394531,0.17155084302682008,-0.6688602329194546,-0.8275806420433082
193,0.005394468937875751,0,0,5453.391197753906,0.17212448601839322,-0.6747342674434185,-0.8329047639433403
194,0.005422565130260521,0,0,5453.533654296875,0.17269535911563647,-0.6806292195320129,-0.8382514130719497
195,0.005450661322645291,0,0,5453.671230957031,0.17326363370493864,-0.6865474915206432,-0.8436238336560352
196,0.00547875751503006,0,0,5453.804216796875,0.17382782383828033,-0.6924869224727154,-0.8490194183092319
197,0.00550685370741483,0,0,5453.9372739257815,0.1744032830395951,-0.6984568518102169,-0.8544500243530598
198,0.005534949899799599,0,0,5454.0715234375,0.17500096560828282,-0.704461359769106,-0.8599193405849355
199,0.005563046092184369,0,0,5454.208825195313,0.17560814833328345,-0.7104954032301902,-0.865411925907884
200,0.0055911422845691386,0,0,5454.352604492187,0.17620578831750433,-0.7165392824709416,-0.8709333007054665
201,0.005619238476953908,0,0,5454.502142578125,0.1767924039128844,-0.7225960792005062,-0.8764820232698012
202,0.005647334669338678,0,0,5454.65561328125,0.1773740527201762,-0.7286660153269767,-0.8820522377286985
203,0.005675430861723447,0,0,5454.810153808594,0.17795335290810535,-0.7347536681294441,-0.8876397713432812
204,0.005703527054108217,0,0,5454.960234375,0.17858930753365548,-0.7408965242505073,-0.8932540950069227
205,0.005731623246492986,0,0,5455.106553710937,0.17924388927175913,-0.7470727970600128,-0.898882369292355
206,0.005759719438877755,0,0,5455.251284667968,0.17990583767067989,-0.7532740359306336,-0.9045234614569413
207,0.005787815631262525,0,0,5455.393674316406,0.18057541471340796,-0.7594967071413994,-0.9101730203749774
208,0.0058159118236472945,0,0,5455.530990234375,0.18124914364549224,-0.7657445672154427,-0.9158528604792838
209,0.005844008016032064,0,0,5455.6570703125,0.18191824196769737,-0.7720231107473373,-0.9215877193276469
210,0.005872104208416834,0,0,5455.7752368164065,0.1825916925807737,-0.7783243932723999,-0.9273587346873737
211,0.005900200400801603,0,0,5455.8871171875,0.1832747888762954,-0.7846493522524833,-0.9331536270743861
212,0.005928296593186373,0,0,5455.994281738282,0.18397462106451792,-0.7909894714355469,-0.9389579672875599
213,0.0059563927855711424,0,0,5456.095326171875,0.1846874371434314,-0.7973492831587792,-0.9447756473499552
214,0.005984488977955912,0,0,5456.191255371094,0.18541253251445178,-0.803726574242115,-0.9506072379491327
215,0.006012585170340682,0,0,5456.282003417969,0.18614496404347483,-0.8101235570907592,-0.956455842548184
216,0.006040681362725451,0,0,5456.365186523438,0.18687711394080675,-0.8165539999008179,-0.9623201745057076
217,0.006068777555110221,0,0,5456.440890136719,0.1876082881000133,-0.823021265923977,-0.9682022773651127
218,0.0060968737474949904,0,0,5456.510247070312,0.18834174465552375,-0.829520737349987,-0.9741015587879577
219,0.00612496993987976,0,0,5456.5745546875,0.18907869838066882,-0.8360461133718491,-0.9800183697185709
220,0.006153066132264529,0,0,5456.633636230469,0.18981810206437694,-0.842598325252533,-0.9859495591308928
221,0.006181162324649298,0,0,5456.687767089844,0.19056051196249837,-0.849173697590828,-0.9918951016875241
222,0.006209258517034068,0,0,5456.737505371094,0.19130791947879508,-0.8557714570164681,-0.9978560426068857
223,0.0062373547094188376,0,0,5456.78290234375,0.19206236695636222,-0.8623890565633774,-1.0038308039306114
224,0.006265450901803607,0,0,5456.824276367188,0.19282648087138846,-0.8690226102471351,-1.0098210718982412
225,0.006293547094188377,0,0,5456.859065917969,0.19359784286904558,-0.8756848301291466,-1.0158350928993396
226,0.006321643286573146,0,0,5456.887484375,0.19437698240836188,-0.8823748996853829,-1.021869743733141
227,0.006349739478957916,0,0,5456.908497558594,0.1951594394841927,-0.8891088440418243,-1.0279191904163592
228,0.0063778356713426855,0,0,5456.922765625,0.19594320845850144,-0.8958810850381851,-1.0339806125461277
229,0.006405931863727455,0,0,5456.9322119140625,0.1967289458907204,-0.9026884616613388,-1.0400526006956938
230,0.006434028056112225,0,0,5456.936062988281,0.19751814461572254,-0.9095224775671958,-1.046132987991863
231,0.006462124248496994,0,0,5456.9359853515625,0.1983115960411612,-0.9163856680393219,-1.0522219677374332
232,0.006490220440881764,0,0,5456.923081054688,0.1991673696631489,-0.9232671911120415,-1.0583385061287307
233,0.0065183166332665335,0,0,5456.90248046875,0.2000553811149351,-0.9301689690351487,-1.0644707538078093
234,0.006546412825651303,0,0,5456.872911621093,0.20097422746012447,-0.9370840111374855,-1.0706216958513888
235,0.006574509018036072,0,0,5456.824341796875,0.20193189290887426,-0.9440249083042145,-1.0768010809669002
236,0.0066026052104208414,0,0,5456.764189453125,0.20290976792089926,-0.950996248960495,-1.0829997372972706
237,0.006630701402805611,0,0,5456.6905112304685,0.20391207262877584,-0.9579917802214623,-1.0892221175219383
238,0.006658797595190381,0,0,5456.592130859375,0.20495571732274998,-0.9650141120553016,-1.095483004645625
239,0.00668689378757515,0,0,5456.476567382812,0.20602545094748828,-0.9720566753745079,-1.1017683709643846
240,0.00671498997995992,0,0,5456.343286132813,0.20712950033661293,-0.9791123185753823,-1.1080692443928735
241,0.006743086172344689,0,0,5456.194373535156,0.20826115655537467,-0.9861919024586677,-1.114387500048237
242,0.006771182364729459,0,0,5456.031852050781,0.20941792788685412,-0.9932918120622635,-1.1207226793279008
243,0.006799278557114229,0,0,5455.858180664062,0.21059718850619405,-1.0004149399995803,-1.1270722664604373
244,0.006827374749498998,0,0,5455.673592773437,0.21179509919573666,-1.0075621652603148,-1.133435387854344
245,0.006855470941883768,0,0,5455.480877929687,0.21301131258980438,-1.0147287076711655,-1.1398099514099058
246,0.006883567134268537,0,0,5455.27982421875,0.21424425931129462,-1.0219185082316398,-1.146198255925236
247,0.006911663326653307,0,0,5455.070706054687,0.21549364478814512,-1.0291274339556693,-1.1525978124218454
248,0.006939759519038077,0,0,5454.855571289063,0.21675517100957933,-1.0363561365008354,-1.1590059409194002
249,0.006967855711422846,0,0,5454.63641796875,0.21802953931306845,-1.0436029900312425,-1.165421491988461
250,0.006995951903807615,0,0,5454.4128930664065,0.2193163296819792,-1.0508654845356942,-1.1718443488322556
251,0.0070240480961923845,0,0,5454.184643554688,0.22061308308451322,-1.0581477220654487,-1.1782748233812317
252,0.007052144288577154,0,0,5453.953192382813,0.2219181891362351,-1.065445352077484,-1.1847110112919204
253,0.007080240480961924,0,0,5453.718516601562,0.22322757418370964,-1.0727582511901856,-1.1911544697739023
254,0.007108336673346693,0,0,5453.480913574219,0.224543551130689,-1.0800905406475068,-1.1976071866890712
255,0.007136432865731463,0,0,5453.240684082031,0.225865567625421,-1.0874390910863876,-1.2040646308201313
256,0.0071645290581162325,0,0,5452.997862304687,0.22719218308153166,-1.0948010583519936,-1.2105291658945425
257,0.007192625250501002,0,0,5452.752658203125,0.2285247955358265,-1.1021793475151063,-1.2169991614206037
258,0.007220721442885772,0,0,5452.483962890625,0.22983194627790762,-1.1096304640769958,-1.223503059203732
259,0.007248817635270541,0,0,5452.195973632813,0.23111743331977355,-1.1171401001811028,-1.2300345391235625
260,0.007276913827655311,0,0,5451.879174804688,0.23242199086760593,-1.124727276623249,-1.2365724584178852
261,0.0073050100200400805,0,0,5451.5479057617185,0.2337292345077568,-1.1323586970567703,-1.2431214514039393
262,0.00733310621242485,0,0,5451.204160644531,0.23503617005970429,-1.140012535572052,-1.2496826132097119
263,0.00736120240480962,0,0,5450.850396484375,0.236345408381655,-1.1476822125315667,-1.2562504750465617
264,0.007389298597194389,0,0,5450.490229492188,0.23765207731191407,-1.155359448492527,-1.2628292377911412
265,0.007417394789579158,0,0,5450.126256347657,0.2389544909105462,-1.16304165405035,-1.2694127717194428
266,0.007445490981963928,0,0,5449.758214355469,0.24025499630236993,-1.1707311291694642,-1.276004681874884
267,0.007473587174348697,0,0,5449.386325195313,0.2415509914399415,-1.1784303648471832,-1.2826049923447393
268,0.007501683366733467,0,0,5449.011294921875,0.24284244520844492,-1.1861360561847687,-1.289211768757001
269,0.007529779559118236,0,0,5448.632578125,0.24413082238647033,-1.1938498353362084,-1.2958282699109644
270,0.007557875751503006,0,0,5448.250455078125,0.24541625496921377,-1.2015722181797028,-1.3024497862901685
271,0.007585971943887776,0,0,5447.861949707031,0.24669843584900703,-1.2093032198548317,-1.309081197475115
272,0.007614068136272545,0,0,5447.46731640625,0.24797758320420885,-1.2170482357144357,-1.3157234173598105
273,0.007642164328657315,0,0,5447.067064941406,0.24925267662988287,-1.2248012741208076,-1.3223744719112425
274,0.007670260521042084,0,0,5446.660540527344,0.25052370400661067,-1.2325695765018463,-1.329037252368642
275,0.007698356713426854,0,0,5446.249142089844,0.25179212002764223,-1.2403424966335297,-1.335706096917824
276,0.007726452905811624,0,0,5445.831382324219,0.25305582653471087,-1.248132435977459,-1.3423884815627616
277,0.007754549098196393,0,0,5445.409893554687,0.2543197660234572,-1.2559295307397842,-1.3490772660154327
278,0.007782645290581163,0,0,5444.9851640625,0.25558294575683715,-1.263736333668232,-1.3557777611991475
279,0.007810741482965932,0,0,5444.555553222656,0.25684469812849064,-1.2715526821613312,-1.3624860757677633
280,0.007838837675350702,0,0,5444.123541992188,0.2581082130021122,-1.27938046336174,-1.369203869372208
281,0.007866933867735472,0,0,5443.68821484375,0.25936950467617786,-1.2872201199531554,-1.3759311574342856
282,0.007895030060120241,0,0,5443.250272460938,0.2606281253885247,-1.2950678109526634,-1.3826652494922917
283,0.00792312625250501,0,0,5442.808353515625,0.26188227323158797,-1.3029291123747826,-1.3894094998288073
284,0.00795122244488978,0,0,5442.356893066406,0.2631418192112062,-1.3108150737285613,-1.3961573156601421
285,0.00797931863727455,0,0,5441.892775878906,0.2644143973554927,-1.318729494512081,-1.4029036347119275
286,0.00800741482965932,0,0,5441.417480957031,0.26568609332643073,-1.326659866154194,-1.4096518238337516
287,0.00803551102204409,0,0,5440.927328125,0.2669626446979146,-1.3346114590168,-1.4163937426447557
288,0.008063607214428857,0,0,5440.421923828125,0.268237509291711,-1.3425863653421402,-1.423125586314619
289,0.008091703406813627,0,0,5439.9018720703125,0.2695144556649631,-1.3505877181291581,-1.4298630425240297
290,0.008119799599198396,0,0,5439.365736816406,0.2707898660048142,-1.3586232494115829,-1.436614880598755
291,0.008147895791583166,0,0,5438.817306640625,0.27205988694560707,-1.3666944048404694,-1.4433884151200946
292,0.008175991983967935,0,0,5438.258300292969,0.2733189586547141,-1.3747897274494172,-1.4501849845030506
293,0.008204088176352705,0,0,5437.6916323242185,0.2745668321778693,-1.3829087972640992,-1.4570054681910092
294,0.008232184368737475,0,0,5437.113397949219,0.2758041272472964,-1.3910542653799056,-1.4638553800485004
295,0.008260280561122244,0,0,5436.516661132812,0.2770300085418719,-1.3992327463626861,-1.4707574019945369
296,0.008288376753507014,0,0,5435.906819335937,0.2782500569385273,-1.407436566591263,-1.4776952878789138
297,0.008316472945891783,0,0,5435.271501953125,0.27948126056039824,-1.4156857525110245,-1.4846755776400031
298,0.008344569138276553,0,0,5434.615754394531,0.2807207779574449,-1.4239779685735703,-1.49169083518848
299,0.008372665330661323,0,0,5433.9447109375,0.28195966924870847,-1.4323024255037309,-1.4987365979020788
300,0.008400761523046092,0,0,5433.261279785156,0.28320012256584776,-1.4406521104574204,-1.5058111354199926
301,0.008428857715430862,0,0,5432.566094238281,0.28444037082163126,-1.4490236121416091,-1.5129071837412338
302,0.008456953907815631,0,0,5431.860777832031,0.28567424025120775,-1.4574165844917297,-1.5200214429110122
303,0.008485050100200401,0,0,5431.1419331054685,0.2869031175322923,-1.4658288555145265,-1.5271303302338475
304,0.00851314629258517,0,0,5430.406764648437,0.28809369301140847,-1.474263741850853,-1.5342465880973533
305,0.00854124248496994,0,0,5429.64420703125,0.2892435934417861,-1.4827386811971663,-1.5413581563519083
306,0.00856933867735471,0,0,5428.8470053710935,0.29037004401587474,-1.4912660002708436,-1.5484798255318681
307,0.00859743486973948,0,0,5428.025239746094,0.29147759428774384,-1.4998394211530686,-1.5556180762299008
308,0.008625531062124249,0,0,5427.183668945312,0.2925740987856327,-1.508449747800827,-1.562772698953871
309,0.008653627254509019,0,0,5426.32362890625,0.2936565818881202,-1.5171013692617417,-1.5699457253799682
310,0.008681723446893788,0,0,5425.4472822265625,0.29473105707121555,-1.5257866424322128,-1.5771357328886935
311,0.008709819639278558,0,0,5424.558095703125,0.29579217804729135,-1.5345110951662064,-1.584351039888496
312,0.008737915831663327,0,0,5423.654296386719,0.2968421767830755,-1.5432712656259537,-1.5915845898617758
313,0.008766012024048097,0,0,5422.737452636718,0.29788206742199874,-1.5520622931718826,-1.5988361900177792
314,0.008794108216432867,0,0,5421.807421875,0.29891187985326906,-1.56088367164135,-1.6061060979995054
315,0.008822204408817636,0,0,5420.862483398438,0.2999482773696595,-1.5697239222526551,-1.6134074491409065
316,0.008850300601202406,0,0,5419.90039453125,0.30099231348558997,-1.5785841318368912,-1.6207448749859443
317,0.008878396793587175,0,0,5418.923987792969,0.3020397729919972,-1.5874639409780502,-1.6281113081719414
318,0.008906492985971943,0,0,5417.93433203125,0.3030857251448002,-1.5963678616285324,-1.6355053154062134
319,0.008934589178356713,0,0,5416.932822753906,0.3041339955882367,-1.605294063448906,-1.6429254818466865
320,0.008962685370741482,0,0,5415.920184570313,0.30518335042229844,-1.614243817090988,-1.6503684097947033
321,0.008990781563126252,0,0,5414.896897949218,0.3062293908569086,-1.6232141221761704,-1.6578318271011228
322,0.009018877755511022,0,0,5413.863174316406,0.307277739296806,-1.6322007868289947,-1.6653158797475087
323,0.009046973947895791,0,0,5412.820338867187,0.308326310519037,-1.641201394200325,-1.6728161563801633
324,0.00907507014028056,0,0,5411.766777832031,0.30936394747267415,-1.6502065728902817,-1.680329096099635
325,0.00910316633266533,0,0,5410.702755859375,0.3103960282699749,-1.65921326816082,-1.6878578706626455
326,0.0091312625250501,0,0,5409.628555664062,0.3114190316804172,-1.6682233736515044,-1.6953986471385567
327,0.00915935871743487,0,0,5408.54629296875,0.3124433459794121,-1.6772435432672501,-1.7029695693915194
328,0.00918745490981964,0,0,5407.454560546875,0.31347534233770163,-1.6862794139385224,-1.7105668526385773
329,0.009215551102204409,0,0,5406.353145507813,0.3145111262302982,-1.6953354034423829,-1.7181896763479598
330,0.009243647294589178,0,0,5405.23809375,0.315549808305092,-1.7043904963731766,-1.725833508798875
331,0.009271743486973948,0,0,5404.108615722656,0.3165925317487527,-1.7134356120824814,-1.7334952088885793
332,0.009299839679358718,0,0,5402.968611328125,0.31763112907261665,-1.7224878569841384,-1.741174716276469
333,0.009327935871743487,0,0,5401.820693847656,0.3186656453308544,-1.7315459703207017,-1.7488773190351081
334,0.009356032064128257,0,0,5400.665557128907,0.3196874064591094,-1.7406204832792282,-1.7566062162088765
335,0.009384128256513026,0,0,5399.495537597656,0.320699005486298,-1.749720067381859,-1.7643682789922313
336,0.009412224448897796,0,0,5398.31203515625,0.32169977539939193,-1.7588476190567017,-1.7721607751935793
337,0.009440320641282566,0,0,5397.1143149414065,0.32268635298479564,-1.7680040649175643,-1.779986059240397
338,0.009468416833667335,0,0,5395.903115234375,0.32366383438914736,-1.7771862436532975,-1.787841029332608
339,0.009496513026052105,0,0,5394.679325683594,0.3246341214280674,-1.7863863661289214,-1.7957215991390325
340,0.009524609218436874,0,0,5393.445306152344,0.3255645760785549,-1.7956137224435806,-1.803656568276865
341,0.009552705410821644,0,0,5392.199305175781,0.32648736002565915,-1.8048604146242142,-1.8116165175380887
342,0.009580801603206414,0,0,5390.939630859375,0.32740904816852406,-1.8141262998580934,-1.8196032020387212
343,0.009608897795591183,0,0,5389.664770507812,0.3283280110349674,-1.8234233087301255,-1.82762268398787
344,0.009636993987975953,0,0,5388.375006835938,0.3292538115705303,-1.8327435481548309,-1.8356731584030057
345,0.009665090180360722,0,0,5387.069589355468,0.33018933048097915,-1.842089375972748,-1.843754582344082
346,0.009693186372745492,0,0,5385.7490717773435,0.3311342311257927,-1.8514584863185883,-1.8518645461610803
347,0.009721282565130262,0,0,5384.402838867188,0.3321172397982731,-1.8608645217418671,-1.8600454373783988
348,0.00974937875751503,0,0,5383.0356987304685,0.33312419473601346,-1.8703062032461166,-1.8682830221389368
349,0.009777474949899799,0,0,5381.652967773438,0.33415373035385393,-1.879771330833435,-1.8765600981661592
350,0.009805571142284569,0,0,5380.2550786132815,0.3351974468390546,-1.8892570784091949,-1.8848733414309287
351,0.009833667334669338,0,0,5378.8431381835935,0.33624763731536406,-1.8987536997795105,-1.8932175327613796
352,0.009861763527054108,0,0,5377.4172861328125,0.3373024283304782,-1.9082597420215606,-1.901596391705445
353,0.009889859719438877,0,0,5375.977096679688,0.3383685038484449,-1.9177731077671052,-1.910008171345521
354,0.009917955911823647,0,0,5374.522625,0.3394369331046479,-1.9272942781448363,-1.918454333399066
355,0.009946052104208417,0,0,5373.048314453125,0.34049971723080236,-1.9368142548799514,-1.9269464090401742
356,0.009974148296593186,0,0,5371.54858984375,0.3415193396158224,-1.9463099323511124,-1.9355073185511356
357,0.010002244488977956,0,0,5370.0184672851565,0.3425645128923731,-1.9558239938020707,-1.9441126746260509
358,0.010030340681362725,0,0,5368.453169433594,0.34363727076256667,-1.9653740274906157,-1.9527848676626371
359,0.010058436873747495,0,0,5366.8474663085935,0.34473498024096433,-1.9749616521596909,-1.961534427273111
360,0.010086533066132265,0,0,5365.211864746094,0.3458507626519557,-1.9845807263851165,-1.97034784683581
361,0.010114629258517034,0,0,5363.547138671875,0.34697638801345587,-1.994231375336647,-1.979218415493975
362,0.010142725450901804,0,0,5361.849461425782,0.34809116231774306,-2.0039214215278625,-1.9881338861551052
363,0.010170821643286573,0,0,5360.123489257812,0.3491945276879036,-2.013648844242096,-1.9970974130209043
364,0.010198917835671343,0,0,5358.373178222656,0.3502924034953658,-2.0234060558080675,-2.006107197293602
365,0.010227014028056113,0,0,5356.6008813476565,0.35138439187138365,-2.033187194943428,-2.0151574102915686
366,0.010255110220440882,0,0,5354.80659765625,0.3524594403576776,-2.042990963101387,-2.0242593680147905
367,0.010283206412825652,0,0,5352.995556152344,0.35352172021155853,-2.052802599191666,-2.033403612055282
368,0.010311302605210421,0,0,5351.169458496094,0.35457912432090477,-2.0626267054080962,-2.042596014493718
369,0.010339398797595191,0,0,5349.327501464843,0.3556326483307384,-2.072465003013611,-2.0518351914416497
370,0.01036749498997996,0,0,5347.464844238281,0.35668395511735546,-2.082311088323593,-2.0611165303610934
371,0.01039559118236473,0,0,5345.579422363281,0.3577433673125116,-2.0921662683486937,-2.070442072616349
372,0.0104236873747495,0,0,5343.67553515625,0.35880812648025734,-2.1020307198762893,-2.079811028573361
373,0.01045178356713427,0,0,5341.755901855468,0.3598336989080858,-2.111922115921974,-2.089224327178205
374,0.010479879759519039,0,0,5339.820071777343,0.3608824775500583,-2.1218098299503327,-2.098691929833439
375,0.010507975951903809,0,0,5337.867199707031,0.3619674380321234,-2.1316866550445557,-2.1082064306984
376,0.010536072144288578,0,0,5335.897805175781,0.36307776305443973,-2.1415543063879015,-2.1177638442621984
377,0.010564168336673348,0,0,5333.913643066407,0.36420032488296394,-2.1514145494699477,-2.127360305954535
378,0.010592264529058116,0,0,5331.904905273437,0.36530428764558087,-2.1612057540416716,-2.1370108272143544
379,0.010620360721442885,0,0,5329.875857421875,0.3663922226404087,-2.170945601463318,-2.1467222866056765
380,0.010648456913827655,0,0,5327.829727050781,0.3674759891698505,-2.180666804075241,-2.1564723075293504
381,0.010676553106212424,0,0,5325.766780761719,0.3685046760583156,-2.1903940982818604,-2.166253105253833
382,0.010704649298597194,0,0,5323.68215625,0.36948168394911196,-2.2001180230379105,-2.1760765222844904
383,0.010732745490981964,0,0,5321.575969726562,0.3704585401402145,-2.209811116695404,-2.18597394846108
384,0.010760841683366733,0,0,5319.455084472656,0.37142072665190917,-2.219486562728882,-2.1959038961484905
385,0.010788937875751503,0,0,5317.321405273437,0.3723739148647264,-2.2291451473236084,-2.2058771511353576
386,0.010817034068136272,0,0,5315.171893554688,0.3733190335018313,-2.2387938430309298,-2.2158793340440983
387,0.010845130260521042,0,0,5313.005577636719,0.3742720842543268,-2.248445252895355,-2.2259224328778213
388,0.010873226452905812,0,0,5310.824800292969,0.3752308244968905,-2.258091709494591,-2.235993311323039
389,0.010901322645290581,0,0,5308.626919433594,0.37619012608395813,-2.267737883925438,-2.2461001125542253
390,0.01092941883767535,0,0,5306.417301757812,0.3771525362795552,-2.2773820371627806,-2.2562303323746993
391,0.01095751503006012,0,0,5304.195683105469,0.3781128178766811,-2.287016399860382,-2.266380236685829
392,0.01098561122244489,0,0,5301.96123828125,0.3790730429766144,-2.296649066925049,-2.2765534203465823
393,0.01101370741482966,0,0,5299.713967285156,0.3800360908295219,-2.30626889359951,-2.286748484678913
394,0.011041803607214429,0,0,5297.45415625,0.3809955967033114,-2.3158825273513792,-2.29696182222261
395,0.011069899799599199,0,0,5295.18260546875,0.3819556144825965,-2.3254914598464964,-2.3071932582314605
396,0.011097995991983968,0,0,5292.899627929687,0.3829078825284982,-2.335092324256897,-2.3174460899607427
397,0.011126092184368738,0,0,5290.604013671875,0.3838641768353527,-2.344685368537903,-2.3277191843682443
398,0.011154188376753508,0,0,5288.298348144532,0.3848204209097006,-2.3542724372148514,-2.338007783887281
399,0.011182284569138277,0,0,5285.981205078125,0.38577186958984394,-2.363860213160515,-2.348309892225525
400,0.011210380761523047,0,0,5283.655870117187,0.3867230796774477,-2.3734415074586868,-2.3586307094689136
401,0.011238476953907816,0,0,5281.319841796875,0.3876687813293514,-2.383022065877914,-2.368966826356991
402,0.011266573146292586,0,0,5278.973131347656,0.38861414223436586,-2.3926019864082337,-2.379324737197197
403,0.011294669338677355,0,0,5276.616409179687,0.38955358240972354,-2.4021799726486206,-2.3896939971375315
404,0.011322765531062125,0,0,5274.244426269532,0.39051299322044203,-2.411751979112625,-2.400082741429618
405,0.011350861723446895,0,0,5271.844244140625,0.39150388670922126,-2.4213079931735995,-2.410490811832965
406,0.011378957915831664,0,0,5269.428911132813,0.3925034512088811,-2.430849291443825,-2.420916451021423
407,0.011407054108216434,0,0,5267.00357421875,0.39351547530475145,-2.4403811765909196,-2.431367653334973
408,0.011435150300601202,0,0,5264.568926757813,0.3945318546523818,-2.4498984051942827,-2.441835215672627
409,0.011463246492985971,0,0,5262.125143066406,0.39556097660277506,-2.4594112120866773,-2.45232451013005
410,0.011491342685370741,0,0,5259.671401367187,0.396595984436841,-2.4689084122180938,-2.462829867492162
411,0.01151943887775551,0,0,5257.2087583007815,0.39764636999167097,-2.478385515451431,-2.473347889127132
412,0.01154753507014028,0,0,5254.739373535156,0.39871084197484635,-2.4878380423784257,-2.48387944194793
413,0.01157563126252505,0,0,5252.262458496094,0.3997771510398033,-2.4972690541744234,-2.494413098490354
414,0.01160372745490982,0,0,5249.775601074219,0.40086398934281964,-2.506692831993103,-2.5049641806062253
415,0.011631823647294589,0,0,5247.279423828125,0.40195907327773295,-2.516115746974945,-2.5155253959758066
416,0.011659919839679359,0,0,5244.773130371093,0.4030582704068399,-2.5255424503087998,-2.526094414170953
417,0.011688016032064128,0,0,5242.256649414063,0.40417599296259726,-2.5349696395397188,-2.536675695610884
418,0.011716112224448898,0,0,5239.730557128906,0.40527798607567067,-2.5444012854099274,-2.5472596042924924
419,0.011744208416833667,0,0,5237.189714355469,0.40638699990192323,-2.553843561768532,-2.557854907917423
420,0.011772304609218437,0,0,5234.63672265625,0.40749231004677416,-2.563288581132889,-2.5684632296375156
421,0.011800400801603207,0,0,5232.073311523438,0.4085876100549847,-2.5727390813827515,-2.5790731852677378
422,0.011828496993987976,0,0,5229.495115722656,0.4096827170410743,-2.5822026354074477,-2.5896932958942847
423,0.011856593186372746,0,0,5226.906339355469,0.4107700607850184,-2.5916671711206436,-2.6003188540921083
424,0.011884689378757515,0,0,5224.305218261718,0.41185333011219677,-2.6011422249078753,-2.6109407072164887
425,0.011912785571142285,0,0,5221.690046875,0.41295900099986615,-2.610642988204956,-2.621538470091533
426,0.011940881763527054,0,0,5219.061869140625,0.41406116330622683,-2.620160976886749,-2.632142145512817
427,0.011968977955911824,0,0,5216.421808105469,0.41517406297774306,-2.6296900207996368,-2.642749619743707
428,0.011997074148296594,0,0,5213.769634277343,0.4162965951889379,-2.6392409677505495,-2.6533656912659382
429,0.012025170340681363,0,0,5211.102678222656,0.41741128057377813,-2.648804765224457,-2.663998562276358
430,0.012053266533066133,0,0,5208.393736816406,0.41853303289279575,-2.658353761434555,-2.6747011213831655
431,0.012081362725450902,0,0,5205.663448242188,0.4196508850121044,-2.66790580701828,-2.6854355057159394
432,0.012109458917835672,0,0,5202.906798339844,0.4207940918423984,-2.6774681947231294,-2.696217354320875
433,0.012137555110220442,0,0,5200.0968828125,0.4220128964742428,-2.6870469138622286,-2.7071094161739695
434,0.012165651302605211,0,0,5197.258817871094,0.42326273921665697,-2.6966383645534515,-2.7180560135798095
435,0.012193747494989981,0,0,5194.394547363281,0.4245356511366062,-2.706237939596176,-2.7290485577296897
436,0.01222184368737475,0,0,5191.508169433594,0.4258148662914733,-2.715844242811203,-2.7400845433190177
437,0.01224993987975952,0,0,5188.602015136718,0.4271136838857278,-2.725454768657684,-2.7511576094256767
438,0.012278036072144288,0,0,5185.6758383789065,0.4284135899612543,-2.735072268486023,-2.762261881237005
439,0.012306132264529058,0,0,5182.724770019531,0.4296620023251016,-2.744679509162903,-2.773410463596413
440,0.012334228456913827,0,0,5179.75175,0.4308576879181459,-2.7542722816467284,-2.784591977467103
441,0.012362324649298597,0,0,5176.758422363281,0.4320522725094638,-2.7638763439655305,-2.795813406906309
442,0.012390420841683366,0,0,5173.747657714844,0.43325206008004885,-2.7734953956604005,-2.8070649505456013
443,0.012418517034068136,0,0,5170.722015625,0.4344569068867843,-2.783122468471527,-2.8183461466794584
444,0.012446613226452906,0,0,5167.679836914062,0.4356695525991477,-2.792765063524246,-2.8296538826455495
445,0.012474709418837675,0,0,5164.622839355468,0.4368800256073007,-2.8024230661392213,-2.840987164842485
446,0.012502805611222445,0,0,5161.548526367187,0.4381039222635384,-2.8121012785434725,-2.852356983540864
447,0.012530901803607214,0,0,5158.463549316406,0.43932848033939764,-2.821788155555725,-2.863742327677942
448,0.012558997995991984,0,0,5155.365109863281,0.4405456456427377,-2.831489909172058,-2.87514501766382
449,0.012587094188376753,0,0,5152.254307617188,0.441765949695486,-2.8412145297527314,-2.8865751284268573
450,0.012615190380761523,0,0,5149.1330732421875,0.442962865810227,-2.8509351987838745,-2.8980068448780667
451,0.012643286573146293,0,0,5145.999519042969,0.4441068562740987,-2.8606214406490325,-2.909422021398269
452,0.012671382765531062,0,0,5142.843836914062,0.44521912412316134,-2.8702891108989714,-2.920847807344798
453,0.012699478957915832,0,0,5139.669095214844,0.446321449486253,-2.8799496686458586,-2.932289983361141
454,0.012727575150300601,0,0,5136.476334472656,0.44740391160868487,-2.889611437559128,-2.943751048438427
455,0.012755671342685371,0,0,5133.266838378906,0.448474821569098,-2.89926389503479,-2.955229286187518
456,0.01278376753507014,0,0,5130.041490234375,0.44953055165115663,-2.908918159723282,-2.966726032280418
457,0.01281186372745491,0,0,5126.800837402344,0.45058274789241387,-2.918581105709076,-2.9782494757965865
458,0.01283995991983968,0,0,5123.54634375,0.45162848596470906,-2.928252963781357,-2.9897942513714217
459,0.01286805611222445,0,0,5120.276541015625,0.4526644954835018,-2.937937654495239,-3.001365928917043
460,0.012896152304609219,0,0,5116.989310058594,0.4536933932137088,-2.947628471851349,-3.012968421811329
461,0.012924248496993989,0,0,5113.677221679687,0.4547263664365828,-2.9573272955417633,-3.02461368625843
462,0.012952344689378758,0,0,5110.335049316406,0.4557928900083267,-2.967002327680588,-3.0362733113865654
463,0.012980440881763528,0,0,5106.968215820312,0.4568466207144782,-2.976661573410034,-3.0479603815878686
464,0.013008537074148297,0,0,5103.574433105468,0.45788336727956314,-2.9863143095970153,-3.0596952684489365
465,0.013036633266533067,0,0,5100.155568359375,0.4588898820274991,-2.9959602203369142,-3.071468807186574
466,0.013064729458917837,0,0,5096.699875,0.4598772237041863,-3.0055877966880797,-3.083290487873779
467,0.013092825651302606,0,0,5093.210383300781,0.46084549308116307,-3.0152117378711703,-3.095169738079617
468,0.013120921843687374,0,0,5089.6920483398435,0.4617893588096088,-3.024828681230545,-3.1070925556356577
469,0.013149018036072144,0,0,5086.144949707032,0.4627067535590753,-3.0344265723228454,-3.119057538433226
470,0.013177114228456913,0,0,5082.568206054688,0.46359896732371353,-3.043997240304947,-3.131076399065779
471,0.013205210420841683,0,0,5078.962983886719,0.4644693331807864,-3.0535356211662292,-3.1431543357626115
472,0.013233306613226452,0,0,5075.334862792969,0.46532452071984565,-3.063024747610092,-3.1552857774643397
473,0.013261402805611222,0,0,5071.683131347656,0.4661728626138476,-3.0724712572097777,-3.1674628887424476
474,0.013289498997995992,0,0,5068.008853515625,0.4670087229420721,-3.0818674957752226,-3.179680181537485
475,0.013317595190380761,0,0,5064.311570800781,0.4678331164668397,-3.091219559431076,-3.191939693072026
476,0.013345691382765531,0,0,5060.594732421875,0.46866053796143864,-3.1005335783958436,-3.20423203929808
477,0.0133737875751503,0,0,5056.854369628906,0.46948258508658997,-3.1098112590312956,-3.2165545676224467
478,0.01340188376753507,0,0,5053.084143066406,0.4703201974052827,-3.1190451793670655,-3.228894392383035
479,0.01342997995991984,0,0,5049.277922851563,0.47117765933196554,-3.128228422641754,-3.2412647070924048
480,0.01345807615230461,0,0,5045.4323984375,0.4720545032669412,-3.1373530113697052,-3.2536630371724056
481,0.013486172344689379,0,0,5041.550599121094,0.4729641287715766,-3.146448366880417,-3.266085880895497
482,0.013514268537074148,0,0,5037.635657714844,0.47389377100115304,-3.155514944791794,-3.2785299940399613
483,0.013542364729458918,0,0,5033.686546386719,0.4748389506615962,-3.1645513484478,-3.2910043382979803
484,0.013570460921843688,0,0,5029.70090234375,0.4758524826925223,-3.173572069168091,-3.303482159085837
485,0.013598557114228457,0,0,5025.6808203125,0.4769234319248229,-3.1825889513492585,-3.31596583421179
486,0.013626653306613227,0,0,5021.631752441406,0.4780407771705172,-3.1916012904644013,-3.328443128170001
487,0.013654749498997996,0,0,5017.552868652344,0.4791981633445122,-3.2006094470024107,-3.3409190645596407
488,0.013682845691382766,0,0,5013.447121582031,0.48038870751733287,-3.2096099064350128,-3.3533970264977246
489,0.013710941883767536,0,0,5009.318889648437,0.4816021731782448,-3.218602455615997,-3.365884120595336
490,0.013739038076152305,0,0,5005.165510253906,0.48285247897037775,-3.2276033165454865,-3.378382029657664
491,0.013767134268537075,0,0,5000.988762207031,0.484112572316623,-3.2366001398563387,-3.390893503251142
492,0.013795230460921844,0,0,4996.787862304687,0.48539185213754255,-3.2456185534000395,-3.4034246737399982
493,0.013823326653306614,0,0,4992.568229003906,0.48667993687807054,-3.254640205144882,-3.415969717668007
494,0.013851422845691384,0,0,4988.320608886719,0.4879917329016569,-3.263666816473007,-3.428546710799673
495,0.013879519038076153,0,0,4984.052648925781,0.48930933131204174,-3.2726997430324554,-3.441132546036468
496,0.013907615230460923,0,0,4979.756762695312,0.49066213095588895,-3.2817535400390625,-3.4537444037949907
497,0.013935711422845692,0,0,4975.429436523437,0.4920554988112673,-3.290812643766403,-3.466390744911347
498,0.01396380761523046,0,0,4971.076760742188,0.4934717372335992,-3.299890317440033,-3.479056922761004
499,0.01399190380761523,0,0,4966.69847265625,0.49492100350836205,-3.3089753234386445,-3.491750283654729
500,0.01402,0,0,4962.300189453125,0.49638475063543774,-3.3180761151313782,-3.504460220310685
501,0.014048096192384769,0,0,4957.880604492188,0.4978704011062041,-3.3271855685710907,-3.5171895813368073
502,0.014076192384769539,0,0,4953.436446777344,0.499368432964125,-3.33631055355072,-3.5299490111570058
503,0.014104288577154308,0,0,4948.974518554687,0.50089567899327,-3.34544810128212,-3.5427292554065213
504,0.014132384769539078,0,0,4944.492158691406,0.5024201418941485,-3.3546036467552187,-3.5555307471458417
505,0.014160480961923847,0,0,4939.9857421875,0.5038809089357168,-3.363742057800293,-3.5683612166902656
506,0.014188577154308617,0,0,4935.451237792969,0.5053023924416502,-3.3728774125576018,-3.581220847625249
507,0.014216673346693387,0,0,4930.891552734375,0.5067257690086845,-3.3820096054077147,-3.5941219322212663
508,0.014244769539078156,0,0,4926.285934082031,0.5081183923908403,-3.391091663837433,-3.6070844109562175
509,0.014272865731462926,0,0,4921.65264453125,0.509510242446514,-3.4001537199020384,-3.6200859621755663
510,0.014300961923847695,0,0,4916.989499023438,0.510920237671337,-3.4092059662342074,-3.6331354998633314
511,0.014329058116232465,0,0,4912.300725097656,0.5123421842186084,-3.418254065275192,-3.646225277705775
512,0.014357154308617235,0,0,4907.5893125,0.5137760354785061,-3.427303083896637,-3.6593597440933303
513,0.014385250501002004,0,0,4902.858106933594,0.5152302246757418,-3.436338427782059,-3.672535381187436
514,0.014413346693386774,0,0,4898.10503125,0.5167069721172138,-3.445325168132782,-3.6857537239038063
515,0.014441442885771543,0,0,4893.326822265625,0.5181831646506446,-3.4542827200889588,-3.6990402838714425
516,0.014469539078156313,0,0,4888.526878417969,0.5196727762696135,-3.46320401597023,-3.712380722215422
517,0.014497635270541083,0,0,4883.701683105469,0.5211664744220367,-3.472106283426285,-3.7257767996772526
518,0.014525731462925852,0,0,4878.856693847656,0.5226763818272664,-3.480968323945999,-3.739214336703363
519,0.014553827655310622,0,0,4873.985057128906,0.5241951059089328,-3.489799069643021,-3.752699338543433
520,0.014581923847695391,0,0,4869.090374023437,0.5257451940842907,-3.49856596326828,-3.7662430220203125
521,0.014610020040080161,0,0,4864.173920898437,0.5273354692182454,-3.507235797166824,-3.779831920362264
522,0.01463811623246493,0,0,4859.238787109375,0.5289357986270966,-3.5157986607551575,-3.7934459206177666
523,0.0146662124248497,0,0,4854.280919433594,0.5305534888405699,-3.5242554421424868,-3.807120296298218
524,0.01469430861723447,0,0,4849.303634765625,0.5321806692485889,-3.5326169939041137,-3.820824258073665
525,0.01472240480961924,0,0,4844.3047421875,0.5338322525437986,-3.5408997242450715,-3.8345829886606384
526,0.014750501002004009,0,0,4839.291609375,0.5355167736073179,-3.54911172747612,-3.848381118981968
527,0.014778597194388779,0,0,4834.215341308593,0.5371527167999749,-3.557333030462265,-3.8624383918215934
528,0.014806693386773548,0,0,4829.084504882812,0.5387812979069992,-3.5655112261772155,-3.8766690346372488
529,0.014834789579158316,0,0,4823.906570800781,0.5404240545070085,-3.5736536176204683,-3.8910401572416364
530,0.014862885771543086,0,0,4818.692749511719,0.5420845518065047,-3.5817312734127045,-3.905527709190521
531,0.014890981963927855,0,0,4813.435689453125,0.5437485552364021,-3.5897500088214875,-3.920134959851868
532,0.014919078156312625,0,0,4808.149221679688,0.5454276418673473,-3.5977138271331786,-3.934791117060508
533,0.014947174348697394,0,0,4802.830253417968,0.5471279661697369,-3.6055742156505586,-3.9495030220977356
534,0.014975270541082164,0,0,4797.481196289063,0.5488417916671762,-3.6133643283843995,-3.9642653569218615
535,0.015003366733466934,0,0,4792.092720214844,0.5505359165731408,-3.6210543012619016,-3.979091370837714
536,0.015031462925851703,0,0,4786.670544921875,0.552253616324435,-3.6286522886753083,-3.993981241345145
537,0.015059559118236473,0,0,4781.214169433594,0.5539861608641626,-3.6361753504276275,-4.008924868015932
538,0.015087655310621242,0,0,4775.723755371094,0.5557011684085699,-3.643615407705307,-4.023924823033282
539,0.015115751503006012,0,0,4770.193729980469,0.5574235569191652,-3.650945494890213,-4.038988586894604
540,0.015143847695390782,0,0,4764.628283691406,0.5591648521819571,-3.658210441350937,-4.054115710049833
541,0.015171943887775551,0,0,4759.035198730468,0.5609494485496743,-3.665425377845764,-4.069299706084354
542,0.01520004008016032,0,0,4753.411817871094,0.5627490081825638,-3.6725647644996644,-4.084538711474353
543,0.01522813627254509,0,0,4747.748897460938,0.5645354963495215,-3.6796332466602326,-4.099847663014634
544,0.01525623246492986,0,0,4742.043576171875,0.5663114309877678,-3.686591680288315,-4.115228341981608
545,0.01528432865731463,0,0,4736.299995117188,0.5680706308091898,-3.693440287351608,-4.130669656749538
546,0.0153124248496994,0,0,4730.519100585938,0.5698355675266957,-3.700192089796066,-4.146181933756403
547,0.015340521042084169,0,0,4724.709333984375,0.5715585989586455,-3.7068621587753294,-4.1617500734396815
548,0.015368617234468938,0,0,4718.864641601563,0.5733782413555981,-3.713287327528,-4.177494603877375
549,0.015396713426853708,0,0,4712.991071777344,0.5753234223768832,-3.719386998176575,-4.193448260892854
550,0.015424809619238478,0,0,4707.092299804687,0.5773121900867841,-3.7253234906196595,-4.209511940225573
551,0.015452905811623247,0,0,4701.1559921875,0.5793508366712758,-3.731097009420395,-4.225710889044653
552,0.015481002004008017,0,0,4695.183230957031,0.5814215372101839,-3.736737903833389,-4.24201293242121
553,0.015509098196392786,0,0,4689.17597265625,0.5835189045709065,-3.742243779659271,-4.258417130581468
554,0.015537194388777556,0,0,4683.085190429688,0.5856715200956764,-3.7475840549468993,-4.275002915439346
555,0.015565290581162326,0,0,4676.889602539062,0.58784255364411,-3.752790497303009,-4.291781922902315
556,0.015593386773547095,0,0,4670.596168457031,0.590055683369508,-3.7578865501880645,-4.308706386976058
557,0.015621482965931865,0,0,4664.235556640625,0.5922742694137475,-3.762910226106644,-4.325746735977018
558,0.015649579158316634,0,0,4657.827303222656,0.5945129906446691,-3.767836909532547,-4.34287050719319
559,0.015677675350701404,0,0,4651.377377929687,0.5966420954394234,-3.772837978601456,-4.360070768002002
560,0.015705771543086174,0,0,4644.8721171875,0.598635442066001,-3.7779554262161255,-4.377352793605816
561,0.015733867735470943,0,0,4638.337007324219,0.6005534803833403,-3.7830740628242494,-4.394688722300835
562,0.015761963927855713,0,0,4631.783069824219,0.6024313010654864,-3.788154200553894,-4.412059137822228
563,0.015790060120240482,0,0,4625.1988193359375,0.6042861737401035,-3.7931738681793212,-4.429465975162643
564,0.015818156312625252,0,0,4618.588311523437,0.6060579550192579,-3.7981661064624785,-4.446910648210665
565,0.01584625250501002,0,0,4611.9573046875,0.6077330845358438,-3.8031287689208986,-4.464380677034203
566,0.01587434869739479,0,0,4605.313623046875,0.6093325775609296,-3.8080617506504058,-4.48188346429736
567,0.01590244488977956,0,0,4598.6525727539065,0.6108546415570936,-3.812960146188736,-4.499421753580486
568,0.01593054108216433,0,0,4591.96755859375,0.6123219665634824,-3.8178237898349763,-4.516996859572351
569,0.0159586372745491,0,0,4585.257959960937,0.6137389424520363,-3.8226593079566955,-4.534612953876697
570,0.01598673346693387,0,0,4578.5300126953125,0.6151164401667156,-3.827490653514862,-4.552274758763275
571,0.01601482965931864,0,0,4571.787236816406,0.616462344138152,-3.83232421708107,-4.569974867177411
572,0.01604292585170341,0,0,4565.032127929688,0.6178291588530427,-3.837101131439209,-4.5877097971516605
573,0.01607102204408818,0,0,4558.258471191406,0.619199960036456,-3.8418830294609068,-4.605488021068166
574,0.016099118236472944,0,0,4551.473600585938,0.6206338693633345,-3.846627517461777,-4.623304713500647
575,0.016127214428857714,0,0,4544.672574707031,0.6220897440096439,-3.851354714632034,-4.641168619472172
576,0.016155310621242484,0,0,4537.859129394531,0.6235688171857061,-3.8560399520397186,-4.6590773923645035
577,0.016183406813627253,0,0,4531.025519042969,0.6250791380011528,-3.86070939040184,-4.677022516955852
578,0.016211503006012023,0,0,4524.163113769531,0.6266923656642452,-3.8653451154232026,-4.695052904963093
579,0.016239599198396792,0,0,4517.280923828125,0.6283677620989858,-3.8699481282234194,-4.713150583239183
580,0.016267695390781562,0,0,4510.383420898437,0.6300812740421041,-3.8745243418216706,-4.731278512253914
581,0.01629579158316633,0,0,4503.472004882812,0.6318692279832105,-3.879046266078949,-4.749462654809084
582,0.0163238877755511,0,0,4496.543464355469,0.6336949284327906,-3.8835390872955324,-4.7676734409762105
583,0.01635198396793587,0,0,4489.590109375,0.6355535452250728,-3.887991498708725,-4.78593253802437
584,0.01638008016032064,0,0,4482.610491699219,0.6374531384007261,-3.8923499155044556,-4.804247782459553
585,0.01640817635270541,0,0,4475.605887939453,0.6393939895254785,-3.8966454257965086,-4.822590923009946
586,0.01643627254509018,0,0,4468.572561767578,0.6413680799308145,-3.9008779954910278,-4.841028756978562
587,0.01646436873747495,0,0,4461.516189453125,0.64341243640189,-3.9050046997070313,-4.859544452672239
588,0.01649246492985972,0,0,4454.434629882812,0.6454520067447715,-3.909066712141037,-4.878107229001642
589,0.01652056112224449,0,0,4447.330362060547,0.6474896727282478,-3.9130947425365448,-4.896693830885578
590,0.016548657314629258,0,0,4440.212261962891,0.6495094260515214,-3.9170914740562437,-4.915310700241769
591,0.016576753507014028,0,0,4433.078743652344,0.6514915328470275,-3.9210719096660616,-4.93394321606467
592,0.016604849699398797,0,0,4425.92291772461,0.6534624454482616,-3.9250348792076113,-4.952610384541551
593,0.016632945891783567,0,0,4418.746162597657,0.6554050256748103,-3.9289649589061737,-4.97132141328573
594,0.016661042084168336,0,0,4411.533622070312,0.6573662308162793,-3.9328664677143097,-4.990042349832831
595,0.016689138276553106,0,0,4404.250563720703,0.6593172357453115,-3.9366662948131563,-5.008845902530565
596,0.016717234468937876,0,0,4396.893345458984,0.6612490785673437,-3.940348889827728,-5.02773472310359
597,0.016745330661322645,0,0,4389.495896240234,0.6632086337124679,-3.944006276369095,-5.046668460026092
598,0.016773426853707415,0,0,4382.054499755859,0.6651747862348955,-3.9476578454971314,-5.065666030868337
599,0.016801523046092184,0,0,4374.580170166016,0.6671662105522166,-3.9513106281757353,-5.0847068731648495
600,0.016829619238476954,0,0,4367.071675048828,0.6691649019219541,-3.954971197128296,-5.103775668076779
601,0.016857715430861724,0,0,4359.514036376953,0.6711647780461456,-3.958611490011215,-5.122925787736423
602,0.016885811623246493,0,0,4351.91547631836,0.6731738535788758,-3.962263890504837,-5.142154420707888
603,0.016913907815631263,0,0,4344.283306152343,0.6751953917115732,-3.965914404630661,-5.161435112505427
604,0.016942004008016032,0,0,4336.62300805664,0.6772365891448007,-3.9695228629112242,-5.18077323397697
605,0.016970100200400802,0,0,4328.930575439453,0.6792582513551672,-3.9731724445819854,-5.20016528609993
606,0.01699819639278557,0,0,4321.201944335938,0.6812556135063501,-3.9768230805397033,-5.219635785340573
607,0.01702629258517034,0,0,4313.429996582031,0.683286834786903,-3.980478309869766,-5.239210623629309
608,0.01705438877755511,0,0,4305.6246149902345,0.6853532472705892,-3.9840636911392213,-5.2588459713471565
609,0.01708248496993988,0,0,4297.776080322265,0.6873797839081972,-3.9875257081985476,-5.278561708987174
610,0.01711058116232465,0,0,4289.8905,0.6893504563905718,-3.990878736257553,-5.298369406229905
611,0.01713867735470942,0,0,4281.983450927734,0.6913710251179426,-3.9940984280109406,-5.318200129371217
612,0.01716677354709419,0,0,4274.040997314453,0.6933964910583905,-3.997213424682617,-5.3380985375997385
613,0.01719486973947896,0,0,4266.0635234375,0.6954046776868917,-4.000237942457199,-5.358056557988977
614,0.01722296593186373,0,0,4258.038690429687,0.6974248118311878,-4.003071570873261,-5.378102208077896
615,0.017251062124248498,0,0,4249.947071533203,0.699437267543333,-4.005691959619522,-5.398259252667982
616,0.017279158316633268,0,0,4241.813480712891,0.7014420536939688,-4.008216799736023,-5.418507780002901
617,0.017307254509018037,0,0,4233.648848632813,0.7034482422414375,-4.010613238811493,-5.438833874731913
618,0.017335350701402807,0,0,4225.443635253906,0.7054468944334,-4.01291715669632,-5.459232065712042
619,0.017363446893787576,0,0,4217.198870361328,0.7073947899720767,-4.015085334062577,-5.47969580811525
620,0.017391543086172346,0,0,4208.907155273438,0.7092537094948387,-4.0170955543518065,-5.500273562475329
621,0.017419639278557116,0,0,4200.586591308594,0.7110799374140399,-4.019086523532867,-5.52087351978556
622,0.017447735470941885,0,0,4192.231908691406,0.7128710258833229,-4.020942695379257,-5.541521002255969
623,0.017475831663326655,0,0,4183.8395424804685,0.7146516894521839,-4.022651104450226,-5.5622531293964235
624,0.017503927855711424,0,0,4175.427068847656,0.7164678620895384,-4.02428273487091,-5.583012018929256
625,0.017532024048096194,0,0,4166.983125732422,0.718235490352185,-4.025791751384735,-5.603820474777842
626,0.017560120240480964,0,0,4158.504331542968,0.7199389809606782,-4.027171940803528,-5.624686612828858
627,0.017588216432865733,0,0,4149.991691894531,0.7216215925392334,-4.028329414844513,-5.645571196622841
628,0.017616312625250503,0,0,4141.447865722656,0.7233094610850044,-4.029240001440048,-5.666512001150711
629,0.017644408817635272,0,0,4132.880017333984,0.7249781051449429,-4.0298843755722045,-5.6874945460515045
630,0.017672505010020042,0,0,4124.282510498047,0.7266052868833172,-4.030288333415985,-5.708558151383744
631,0.01770060120240481,0,0,4115.66846484375,0.7282027293358044,-4.030498018264771,-5.729658918594466
632,0.01772869739478958,0,0,4107.038037353515,0.7297980830856063,-4.03053345155716,-5.750795947857561
633,0.01775679358717435,0,0,4098.386907958984,0.7313979612494806,-4.030374207258225,-5.77197358749789
634,0.017784889779559117,0,0,4089.7083620605467,0.732966295018235,-4.0299570236206055,-5.793227893472216
635,0.017812985971943886,0,0,4081.011760986328,0.7344855368866011,-4.029321137428283,-5.81454082674427
636,0.017841082164328656,0,0,4072.3089897460936,0.7360101133138597,-4.028512398004532,-5.835892267509053
637,0.017869178356713426,0,0,4063.593005859375,0.7375414633607188,-4.027481040716172,-5.857317659216784
638,0.017897274549098195,0,0,4054.857893798828,0.7390579497067056,-4.026192320346833,-5.878828006716963
639,0.017925370741482965,0,0,4046.1140607910156,0.7406129041312485,-4.024627971887589,-5.900309576444259
640,0.017953466933867734,0,0,4037.3338647460937,0.7423142806694655,-4.022733615875244,-5.921987210809029
641,0.017981563126252504,0,0,4028.5338203125,0.7441251668771792,-4.020542548418045,-5.9438214733887165
642,0.018009659318637274,0,0,4019.715433349609,0.7459406039627103,-4.018128496646881,-5.965670680336289
643,0.018037755511022043,0,0,4010.921591796875,0.7477619661455093,-4.015491106510162,-5.987399269795561
644,0.018065851703406813,0,0,4002.126259033203,0.7496529888028809,-4.012569344997406,-6.009154243044849
645,0.018093947895791582,0,0,3993.2992001953126,0.7516667011117106,-4.0093375701904295,-6.031106448244027
646,0.018122044088176352,0,0,3984.4352915039062,0.7537352893593391,-4.005776794672013,-6.053248284346793
647,0.01815014028056112,0,0,3975.5489663085937,0.7558774986203589,-4.001890488147736,-6.075545025113317
648,0.01817823647294589,0,0,3966.6237421875,0.7580748549337616,-3.9977087483406066,-6.098034247216259
649,0.01820633266533066,0,0,3957.672578613281,0.7603437182864486,-3.993244770050049,-6.120629902349981
650,0.01823442885771543,0,0,3948.7029833984375,0.762643549802088,-3.988542945146561,-6.143355411424859
651,0.0182625250501002,0,0,3939.7141364746094,0.7649984676822599,-3.9836356015205383,-6.166222016285762
652,0.01829062124248497,0,0,3930.7092622070313,0.7673583216641537,-3.9785159571170805,-6.189143813825672
653,0.01831871743486974,0,0,3921.692988525391,0.7697088005263099,-3.973098802566528,-6.212180953262787
654,0.01834681362725451,0,0,3912.639201904297,0.7720040026967149,-3.9673712012767792,-6.23526919811116
655,0.01837490981963928,0,0,3903.5470498046875,0.7742458481793996,-3.9613341846466064,-6.258470717072339
656,0.018403006012024048,0,0,3894.4243056640626,0.7764872706828174,-3.9549974493980407,-6.28176264092904
657,0.018431102204408818,0,0,3885.28468359375,0.7787261536751804,-3.9484054777622224,-6.3051432086099775
658,0.018459198396793587,0,0,3876.1487880859377,0.7809789352896728,-3.941625240087509,-6.328620317855289
659,0.018487294589178357,0,0,3867.0021491699217,0.7832240585651938,-3.9346443591117857,-6.352236976779956
660,0.018515390781563126,0,0,3857.8169470214843,0.7854512960296812,-3.927379408836365,-6.376089003502666
661,0.018543486973947896,0,0,3848.5902790527343,0.787723523040983,-3.919831915855408,-6.400243869444719
662,0.018571583166332666,0,0,3839.3229455566407,0.7899652956494867,-3.9119950306415556,-6.42464690141487
663,0.018599679358717435,0,0,3829.989546875,0.7922837066709639,-3.903893141269684,-6.449314864209675
664,0.018627775551102205,0,0,3820.586962890625,0.7946459551526184,-3.8954782354831696,-6.474258356288766
665,0.018655871743486974,0,0,3811.1440234375,0.7970522089759734,-3.886736867904663,-6.499417103675341
666,0.018683967935871744,0,0,3801.673428955078,0.7994374362021672,-3.87762960600853,-6.524707048229826
667,0.018712064128256514,0,0,3792.162819580078,0.8017896997514654,-3.868220566272736,-6.550209693868389
668,0.018740160320641283,0,0,3782.615262451172,0.8041033665522935,-3.858487189292908,-6.575865165910111
669,0.018768256513026053,0,0,3773.0398212890623,0.8063865299504471,-3.8484662351608274,-6.601689407781405
670,0.018796352705410822,0,0,3763.4402392578127,0.8086299627133523,-3.83820001578331,-6.627624732284457
671,0.018824448897795592,0,0,3753.8149528808594,0.8108438349923629,-3.827689390182495,-6.653628424928201
672,0.01885254509018036,0,0,3744.1800981445313,0.8130146515834659,-3.8168794500827787,-6.679690507978636
673,0.01888064128256513,0,0,3734.5375546875,0.8151440761599308,-3.805794689655304,-6.705800807455931
674,0.0189087374749499,0,0,3724.883161376953,0.8172435693492093,-3.7944139668941497,-6.7319719982674595
675,0.01893683366733467,0,0,3715.220145996094,0.8192947796917688,-3.782708148956299,-6.758231478799364
676,0.01896492985971944,0,0,3705.553224609375,0.8213261323310344,-3.7707272737026214,-6.784550078136021
677,0.01899302605210421,0,0,3695.880181396484,0.823344088506132,-3.758465547323227,-6.810933819855433
678,0.01902112224448898,0,0,3686.1955485839844,0.8253270182626816,-3.745817252635956,-6.837360978122474
679,0.01904921843687375,0,0,3676.5034865722655,0.8272368465334868,-3.7329494380950927,-6.863849414684635
680,0.01907731462925852,0,0,3666.794780517578,0.829088776548044,-3.7197630698680877,-6.890431441584071
681,0.019105410821643288,0,0,3657.0908725585937,0.8308615982179534,-3.7063028445243837,-6.917100755549786
682,0.019133507014028057,0,0,3647.38464453125,0.8325056816662965,-3.6925614943504335,-6.943923868900269
683,0.019161603206412827,0,0,3637.6691076660154,0.833994537941845,-3.678544267177582,-6.970952792527808
684,0.019189699398797597,0,0,3627.9480988769533,0.8353236829659064,-3.6643465600013734,-6.998086531418862
685,0.019217795591182366,0,0,3618.216800292969,0.836518591972318,-3.6498977870941163,-7.025352009663674
686,0.019245891783567136,0,0,3608.4831552734377,0.8376308412902262,-3.635207584619522,-7.052787509197675
687,0.019273987975951905,0,0,3598.749858886719,0.8385867732667095,-3.620244501590729,-7.080386789659257
688,0.019302084168336675,0,0,3589.0096518554687,0.8395184846008978,-3.60497953414917,-7.108141939996228
689,0.019330180360721445,0,0,3579.264170654297,0.8403449996266745,-3.5894452419281007,-7.136064613714261
690,0.019358276553106214,0,0,3569.5528283691406,0.8410856187811037,-3.573682789325714,-7.164054290561871
691,0.019386372745490984,0,0,3559.8429738769532,0.841685361638162,-3.5575959599018097,-7.192211672971539
692,0.019414468937875753,0,0,3550.1453068847654,0.842247632309861,-3.5411267530918122,-7.220532275846128
693,0.019442565130260523,0,0,3540.4774931640627,0.8428226834468857,-3.524144880771637,-7.24880559894203
694,0.01947066132264529,0,0,3530.82398046875,0.8433405540382012,-3.506692240476608,-7.277125542679518
695,0.01949875751503006,0,0,3521.184008056641,0.8437138474417957,-3.4888203999996183,-7.305514762346714
696,0.01952685370741483,0,0,3511.5530827636717,0.843952551120902,-3.470481159687042,-7.333927156913773
697,0.019554949899799598,0,0,3501.9192543945314,0.8441467249190098,-3.4516193442344667,-7.362298805934877
698,0.019583046092184368,0,0,3492.2891201171874,0.8443162878253491,-3.432312963485718,-7.390628639722468
699,0.019611142284569137,0,0,3482.669068603516,0.8443629774229946,-3.4125657682418824,-7.419045784486424
700,0.019639238476953907,0,0,3473.0433374023437,0.844344240543156,-3.3924857991933823,-7.447343626011418
701,0.019667334669338676,0,0,3463.415232177734,0.8443302793764585,-3.3720731531381607,-7.475604154195038
702,0.019695430861723446,0,0,3453.7759006347655,0.8442565311263668,-3.3513250145912172,-7.503809648736782
703,0.019723527054108216,0,0,3444.119889892578,0.8441628646920574,-3.3302008249759676,-7.531977532270624
704,0.019751623246492985,0,0,3434.4432416992186,0.8440041105199434,-3.3087800525426863,-7.5601720619410315
705,0.019779719438877755,0,0,3424.7414375,0.8438611121915078,-3.2868909058570863,-7.588411667466211
706,0.019807815631262524,0,0,3415.0116696777345,0.8437656459581117,-3.2645014283657074,-7.616640806102716
707,0.019835911823647294,0,0,3405.2684196777345,0.8436863658004657,-3.2417369616031646,-7.644860844878115
708,0.019864008016032064,0,0,3395.542845214844,0.8435578464747506,-3.2186729934215546,-7.673151383029257
709,0.019892104208416833,0,0,3385.8161330566404,0.843470230210307,-3.195054975986481,-7.701603155191022
710,0.019920200400801603,0,0,3376.0796389160155,0.8434327824065088,-3.1710655701160433,-7.730125045522701
711,0.019948296593186372,0,0,3366.34398828125,0.843277014076614,-3.1465747723579405,-7.758735665325494
712,0.019976392785571142,0,0,3356.612720703125,0.8431016007522453,-3.1216298559904097,-7.787155316463606
713,0.02000448897795591,0,0,3346.8624938964845,0.8431506432374484,-3.0963256456851957,-7.815438287474707
714,0.02003258517034068,0,0,3337.119227294922,0.8434272021357594,-3.070801482796669,-7.843594689867644
715,0.02006068136272545,0,0,3327.3851726074217,0.8438926132711805,-3.045057996273041,-7.871709800383975
716,0.02008877755511022,0,0,3317.658740966797,0.8443693070933951,-3.019080910265446,-7.8998232955772245
717,0.02011687374749499,0,0,3307.947934082031,0.8448632807544427,-2.9928541523814203,-7.927942581972166
718,0.02014496993987976,0,0,3298.241162353516,0.8453063959469098,-2.9663891746997835,-7.956096631929151
719,0.02017306613226453,0,0,3288.527733154297,0.845723900389303,-2.9396733157634736,-7.984372662561317
720,0.0202011623246493,0,0,3278.83844140625,0.8461440288287789,-2.9126905378103256,-8.012603536576771
721,0.02022925851703407,0,0,3269.1663693847654,0.8465575167803325,-2.885300963997841,-8.040813816948434
722,0.020257354709418838,0,0,3259.4938101806642,0.846978688811238,-2.8576655066907404,-8.069077024764157
723,0.020285450901803607,0,0,3249.828352294922,0.8474514931251317,-2.829684225708246,-8.097296831210766
724,0.020313547094188377,0,0,3240.153749267578,0.8479044035470158,-2.8013563717007637,-8.125600915522734
725,0.020341643286573147,0,0,3230.472419921875,0.8483312808714975,-2.772567937627435,-8.154133437134565
726,0.020369739478957916,0,0,3220.788884033203,0.8487250611302214,-2.7431768633425238,-8.18301704791144
727,0.020397835671342686,0,0,3211.1041737060546,0.849067156151683,-2.713449529223144,-8.21203903687891
728,0.020425931863727455,0,0,3201.432599365234,0.8492898009002926,-2.683436399165541,-8.241119241917824
729,0.020454028056112225,0,0,3191.771666381836,0.8495158645794545,-2.6530768235465514,-8.270269855128944
730,0.020482124248496995,0,0,3182.118961791992,0.8497148907616381,-2.6222814284053166,-8.299496643138635
731,0.020510220440881764,0,0,3172.4879006347655,0.8499595001772323,-2.590911777590867,-8.328765828061092
732,0.020538316633266534,0,0,3162.8863311767577,0.8503572106179893,-2.558670404658187,-8.358256890585523
733,0.020566412825651303,0,0,3153.382741088867,0.8506117564251693,-2.5256467642486093,-8.387574330682634
734,0.020594509018036073,0,0,3143.919325683594,0.8507885114366871,-2.4920122993965634,-8.416982712822522
735,0.020622605210420843,0,0,3134.4984470214845,0.8510141322285719,-2.457902151549235,-8.44646387904462
736,0.020650701402805612,0,0,3125.152096069336,0.8513008817243494,-2.4232545436779036,-8.475884817437498
737,0.020678797595190382,0,0,3115.85582434082,0.8515698387449605,-2.388282130972948,-8.505093991703811
738,0.02070689378757515,0,0,3106.6156091308594,0.851785082873666,-2.35299803111027,-8.534057787112586
739,0.02073498997995992,0,0,3097.4680841064455,0.8520355978460638,-2.3173376911757515,-8.56252469937221
740,0.02076308617234469,0,0,3088.43676171875,0.8523543706441965,-2.280953718417324,-8.590476769982851
741,0.02079118236472946,0,0,3079.474197753906,0.8527219608228638,-2.2438094975627028,-8.618024201510318
742,0.02081927855711423,0,0,3070.559706298828,0.8530683411374685,-2.205961751272902,-8.645300889830557
743,0.020847374749499,0,0,3061.713773071289,0.8534033050505655,-2.167419855146785,-8.672364062475042
744,0.02087547094188377,0,0,3052.9210417480467,0.8536783231242004,-2.128197001757333,-8.699216425332327
745,0.02090356713426854,0,0,3044.141618774414,0.8538825916270357,-2.0883747749277393,-8.725979878977185
746,0.020931663326653308,0,0,3035.3818941650393,0.8540158532859019,-2.048000978041673,-8.752569612586553
747,0.020959759519038078,0,0,3026.615400756836,0.854060718820442,-2.0072411878416316,-8.779135137794427
748,0.020987855711422847,0,0,3017.8570913085937,0.853989969923803,-1.965999155775149,-8.805644575738098
749,0.021015951903807617,0,0,3009.1227768554686,0.8538312946329683,-1.924316291394469,-8.832140156445822
750,0.021044048096192387,0,0,3000.4193729248045,0.8535481663993209,-1.8822590806686785,-8.858702701404367
751,0.021072144288577156,0,0,2991.7534243164064,0.8532951427544504,-1.8397116283948272,-8.885239755017047
752,0.021100240480961926,0,0,2983.085356201172,0.8529608970149442,-1.7968049068590626,-8.911919568389767
753,0.021128336673346695,0,0,2974.4392681884765,0.8527077399954507,-1.7535602889317088,-8.938673733793298
754,0.02115643286573146,0,0,2965.8077763671877,0.8526027843417494,-1.7099521883764537,-8.96546033248286
755,0.02118452905811623,0,0,2957.1824552001954,0.8524056309346683,-1.665939962409204,-8.992264625229586
756,0.021212625250501,0,0,2948.5800098876953,0.8524095776657227,-1.621604682172183,-9.019028833580226
757,0.02124072144288577,0,0,2939.9934094238283,0.8523847496106752,-1.5771431687619188,-9.04584988252467
758,0.02126881763527054,0,0,2931.4196373291015,0.8522977357502256,-1.5325339052870404,-9.072741078933326
759,0.02129691382765531,0,0,2922.879674316406,0.8521166025297275,-1.4877475386199075,-9.099679560325203
760,0.02132501002004008,0,0,2914.368957397461,0.851970959640812,-1.4428814942128956,-9.126440890629496
761,0.02135310621242485,0,0,2905.8772673339845,0.8517685359226443,-1.3978139453278855,-9.153126931340811
762,0.02138120240480962,0,0,2897.3936169433596,0.8515355332347173,-1.35249917206401,-9.179889492404811
763,0.021409298597194388,0,0,2888.948682128906,0.8513718489749742,-1.306861037437804,-9.20665007877126
764,0.021437394789579158,0,0,2880.511852416992,0.8511629992792693,-1.260976705273657,-9.2334505704595
765,0.021465490981963927,0,0,2872.0938602294923,0.8509416679191761,-1.2148210753714666,-9.26025821062618
766,0.021493587174348697,0,0,2863.746461303711,0.8507173330015481,-1.1680278709540144,-9.286987225902275
767,0.021521683366733466,0,0,2855.4277904052733,0.850446326822404,-1.1207226320928894,-9.313690435000058
768,0.021549779559118236,0,0,2847.082341796875,0.8498351475415421,-1.0728076524457428,-9.340717949613763
769,0.021577875751503005,0,0,2838.8091611328123,0.848805524255803,-1.0244869253132491,-9.367807301179717
770,0.021605971943887775,0,0,2830.578042236328,0.8476426746018402,-0.9758488861173391,-9.394917472306732
771,0.021634068136272545,0,0,2822.389950317383,0.8462928954566874,-0.9266399952573702,-9.422047594492444
772,0.021662164328657314,0,0,2814.2313626708983,0.8451205082952299,-0.8772644107290544,-9.449153297323935
773,0.021690260521042084,0,0,2806.1021212158203,0.8442465388948689,-0.8274495108355768,-9.476129912589036
774,0.021718356713426853,0,0,2798.00615234375,0.8434970631207391,-0.7770650330701028,-9.50301118827759
775,0.021746452905811623,0,0,2789.989702758789,0.8427728073828352,-0.7263577837722842,-9.529951726970362
776,0.021774549098196393,0,0,2782.0928114013673,0.8420253298221411,-0.6750047220261768,-9.55682811442445
777,0.021802645290581162,0,0,2774.2428666992187,0.8413226029089239,-0.6233554324342404,-9.583992958942188
778,0.021830741482965932,0,0,2766.482479003906,0.8403546420321816,-0.5711538750275504,-9.611337024332952
779,0.0218588376753507,0,0,2758.804206176758,0.839080707560553,-0.5186880794058089,-9.63887268298668
780,0.02188693386773547,0,0,2751.1867781982423,0.8375899091451029,-0.4661173204678344,-9.666829144439845
781,0.02191503006012024,0,0,2743.610252075195,0.8358155282108628,-0.4136383275227272,-9.695205281200353
782,0.02194312625250501,0,0,2736.113369506836,0.8341030299968449,-0.36109383816015905,-9.723943434671565
783,0.02197122244488978,0,0,2728.644361328125,0.8322897397877684,-0.3082696990658296,-9.75293325767546
784,0.02199931863727455,0,0,2721.2041953125,0.8305243395467773,-0.25552241820888594,-9.78179070428877
785,0.02202741482965932,0,0,2713.7697026367186,0.8286435472343711,-0.2022314857300371,-9.810817239796584
786,0.02205551102204409,0,0,2706.3849447021485,0.8266336110793793,-0.1487243385821348,-9.839749046804169
787,0.022083607214428858,0,0,2699.024174194336,0.8244378059440501,-0.09441622877772897,-9.868631326499978
788,0.022111703406813628,0,0,2691.6735061035156,0.8223397106100437,-0.0392661719166208,-9.897436286347126
789,0.022139799599198397,0,0,2684.359115234375,0.8201767757956154,0.016385704105487092,-9.926084419736707
790,0.022167895791583167,0,0,2677.0689567871095,0.8177467629420514,0.07231213075201959,-9.95453596089827
791,0.022195991983967937,0,0,2669.8084104003906,0.8152450147480605,0.12871723239228594,-9.9826491831797
792,0.022224088176352706,0,0,2662.5239954833983,0.8127896119393152,0.18585442003468053,-10.010535401991062
793,0.022252184368737476,0,0,2655.2659940185545,0.8102504292875803,0.24333292385243113,-10.03782933973936
794,0.022280280561122245,0,0,2648.0295447998046,0.8075281474729648,0.3011771231694147,-10.064489834134278
795,0.022308376753507015,0,0,2640.800316040039,0.8045547149702175,0.35962423410988414,-10.090669789625284
796,0.022336472945891785,0,0,2633.5613118896486,0.8014942353393962,0.4184491434115917,-10.116297155804192
797,0.022364569138276554,0,0,2626.3463411865237,0.7982491734773486,0.4777122793607414,-10.141374279083804
798,0.022392665330661324,0,0,2619.1291701660157,0.7949962165604226,0.5372275236807763,-10.166398426777102
799,0.022420761523046093,0,0,2611.9412084960936,0.7914477524380461,0.5973875984309707,-10.19143059566122
800,0.022448857715430863,0,0,2604.7727642822265,0.7878451587693044,0.6580465090852231,-10.21634629487925
801,0.022476953907815633,0,0,2597.633102294922,0.784190617379735,0.7188199204690754,-10.240909482207114
802,0.022505050100200402,0,0,2590.51557824707,0.7803640255191202,0.7798197657633573,-10.265353232260146
803,0.022533146292585172,0,0,2583.435727294922,0.7766188203854079,0.8408610474783927,-10.289696873088298
804,0.02256124248496994,0,0,2576.38603515625,0.7725783888943804,0.9020868386207148,-10.314071525773523
805,0.02258933867735471,0,0,2569.410756225586,0.7683243093835757,0.9633014071115759,-10.33830696704033
806,0.02261743486973948,0,0,2562.4566453857424,0.7638261081313441,1.0248295102827252,-10.362447554111963
807,0.02264553106212425,0,0,2555.6045006103514,0.7589818256801153,1.086472894630744,-10.386651129988467
808,0.02267362725450902,0,0,2548.817958618164,0.7539194429932118,1.1481279304474592,-10.41087021408818
809,0.02270172344689379,0,0,2542.073008544922,0.7488345718028898,1.209947608009912,-10.435312638583794
810,0.02272981963927856,0,0,2535.333876220703,0.7438575201477388,1.2719122360483743,-10.460066943345863
811,0.02275791583166333,0,0,2528.6494310302733,0.7388828997364394,1.334280639700126,-10.48506382635989
812,0.022786012024048098,0,0,2521.9897653808594,0.7338082675503347,1.3965818095877767,-10.510214493586354
813,0.022814108216432868,0,0,2515.3770400390626,0.7287392137977757,1.4591193582881241,-10.535174774124664
814,0.022842204408817637,0,0,2508.797853149414,0.7236259749987721,1.5219453338924795,-10.559460064970096
815,0.022870300601202403,0,0,2502.237201171875,0.7187275166022352,1.5848936279919,-10.583690881613878
816,0.022898396793587173,0,0,2495.6501389160157,0.714249334370207,1.6481359046001454,-10.60795289682028
817,0.022926492985971943,0,0,2489.111927856445,0.7101881994338142,1.7116863430235534,-10.631831528332112
818,0.022954589178356712,0,0,2482.5903884277345,0.706197416360752,1.7758399070892483,-10.655206387216415
819,0.022982685370741482,0,0,2476.0796501464843,0.7020614556722051,1.8404342222437262,-10.678422139341107
820,0.02301078156312625,0,0,2469.575930541992,0.6982020857829653,1.9053721885746344,-10.701679310523838
821,0.02303887775551102,0,0,2463.10116027832,0.6946376386460421,1.9705942321615293,-10.725041433976454
822,0.02306697394789579,0,0,2456.6767971191407,0.6911668833823379,2.0362820835169404,-10.74832828127802
823,0.02309507014028056,0,0,2450.292916870117,0.687665257633376,2.1025819363179616,-10.771707472250917
824,0.02312316633266533,0,0,2443.9377124023435,0.6846844121004915,2.169153753324179,-10.795179455121767
825,0.0231512625250501,0,0,2437.641624511719,0.6819193021131802,2.236030133674387,-10.818241758652308
826,0.02317935871743487,0,0,2431.393154296875,0.6790645439250117,2.3039924516044556,-10.839867063896051
827,0.02320745490981964,0,0,2425.27667175293,0.6759144223738702,2.3733303234735503,-10.860909414123988
828,0.023235551102204408,0,0,2419.192209350586,0.6730008982031659,2.4437541431197896,-10.881658292409174
829,0.023263647294589178,0,0,2413.0999731445313,0.6701124683348264,2.514678246332798,-10.902678568535505
830,0.023291743486973947,0,0,2406.98958984375,0.6669817469057369,2.585790904094698,-10.924169631073095
831,0.023319839679358717,0,0,2400.8984167480467,0.6637626953182886,2.657251922329189,-10.945521944765236
832,0.023347935871743487,0,0,2394.7739958496095,0.660506496705614,2.7291258731102572,-10.966800100176263
833,0.023376032064128256,0,0,2388.6674085693357,0.6568945909873423,2.801260702356696,-10.988435716504142
834,0.023404128256513026,0,0,2382.550119506836,0.6534652028301341,2.8738315795871894,-11.01032188482292
835,0.023432224448897795,0,0,2376.4121107177734,0.6496309754277247,2.9468716923244576,-11.032317897743948
836,0.023460320641282565,0,0,2370.2572846679686,0.6455066238256172,3.0200133101216053,-11.054144800592335
837,0.023488416833667335,0,0,2364.2037255859377,0.6406593788673968,3.0939370778789743,-11.075880262067079
838,0.023516513026052104,0,0,2358.1235822753906,0.6355871062524113,3.168335063751787,-11.097821557889095
839,0.023544609218436874,0,0,2352.0435274658203,0.6312046571033182,3.2425762660127364,-11.120362968981201
840,0.023572705410821643,0,0,2345.8391967773437,0.6270939320641115,3.316433356683701,-11.143361678187961
841,0.023600801603206413,0,0,2339.5854639892577,0.6230835535362653,3.3903941350830644,-11.16652575434453
842,0.023628897795591183,0,0,2333.2939610595704,0.6193311633685853,3.4646669723768717,-11.189742579959583
843,0.023656993987975952,0,0,2327.0314010009765,0.6157955234803706,3.5388595672796948,-11.212850578550817
844,0.023685090180360722,0,0,2320.7043818359375,0.6122920489216906,3.613182858041022,-11.235837316830601
845,0.02371318637274549,0,0,2314.3430432128907,0.6088997271614435,3.6874186013266446,-11.259343473252622
846,0.02374128256513026,0,0,2307.9796297607422,0.606189345294035,3.7615615832511105,-11.283176501443569
847,0.02376937875751503,0,0,2301.620041748047,0.6041487355996042,3.836084466800559,-11.307636371914468
848,0.0237974749498998,0,0,2295.2470166015623,0.6024797132136569,3.9106943666568257,-11.33273818947879
849,0.02382557114228457,0,0,2288.8948387451173,0.6006749590705074,3.9857331517694985,-11.35841386444158
850,0.02385366733466934,0,0,2282.463646118164,0.5985025962557323,4.0615926685854795,-11.385504515870945
851,0.02388176352705411,0,0,2275.984372314453,0.5955585874907864,4.138944745925139,-11.413893318111445
852,0.02390985971943888,0,0,2269.4274268798827,0.5920942699244084,4.217166819018312,-11.442583693908908
853,0.023937955911823648,0,0,2262.783561401367,0.5879868037501758,4.295975320194615,-11.471893465595691
854,0.023966052104208418,0,0,2256.091518676758,0.5837099873814834,4.374915325656999,-11.501308481137968
855,0.023994148296593187,0,0,2249.3019920654297,0.5789530434177702,4.454486150370911,-11.531829690658775
856,0.024022244488977957,0,0,2242.517258544922,0.5735011183036299,4.534972306887765,-11.562917370165476
857,0.024050340681362727,0,0,2235.696019897461,0.5678775277523005,4.616309495926311,-11.594272709841396
858,0.024078436873747496,0,0,2228.9004479980467,0.5619232849304117,4.698358172790147,-11.625697292603762
859,0.024106533066132266,0,0,2222.0434830322265,0.5561558177770237,4.781691868133144,-11.658105553948728
860,0.024134629258517035,0,0,2215.16898449707,0.5506420098717391,4.865634578509722,-11.69104059865647
861,0.024162725450901805,0,0,2208.222,0.5451715303835254,4.949739073499572,-11.724614810695439
862,0.024190821643286575,0,0,2201.2656708984373,0.5397951332627395,5.034089847719995,-11.758522205568234
863,0.024218917835671344,0,0,2194.276624267578,0.5345725505275892,5.118863561989507,-11.79324230196339
864,0.024247014028056114,0,0,2187.2536608886717,0.5289258716360787,5.204036550832447,-11.829745886287352
865,0.024275110220440883,0,0,2180.172890625,0.522844783535519,5.289749735403806,-11.867514532617813
866,0.024303206412825653,0,0,2173.0756978759764,0.5164195844315954,5.37639345748286,-11.906670437617628
867,0.024331302605210423,0,0,2166.013187744141,0.510670809009663,5.464500273994167,-11.947126467126672
868,0.024359398797595192,0,0,2158.8593443603518,0.5051181700965888,5.552869054983428,-11.9885570157228
869,0.024387494989979962,0,0,2151.663121826172,0.49986939993205776,5.643010215413058,-12.031896608303265
870,0.02441559118236473,0,0,2144.391694458008,0.49518814013599316,5.734230243859696,-12.076614429465462
871,0.0244436873747495,0,0,2137.0394727783205,0.4909495036278737,5.824890540065215,-12.121011784512506
872,0.02447178356713427,0,0,2129.7400961914063,0.4862996542377871,5.9165514391954055,-12.165847632794343
873,0.02449987975951904,0,0,2122.4022600097655,0.4822166839533249,6.008844795172103,-12.211111694106473
874,0.02452797595190381,0,0,2114.921514282227,0.4789346872617475,6.101272310446948,-12.255677164348217
875,0.024556072144288576,0,0,2107.3657283935545,0.47552785026079314,6.1938839805666355,-12.299682147089884
876,0.024584168336673345,0,0,2099.7598024902345,0.47185133196097845,6.286888598419726,-12.344272532338499
877,0.024612264529058115,0,0,2092.066763549805,0.4673422049399856,6.380870806510328,-12.390312909210227
878,0.024640360721442885,0,0,2084.322162109375,0.46270834832662716,6.475891524742358,-12.436686915733466
879,0.024668456913827654,0,0,2076.4373166503906,0.4587877752711696,6.5705017634872345,-12.481996832697298
880,0.024696553106212424,0,0,2068.4730844726564,0.4547662578600953,6.66475468211621,-12.52625064589781
881,0.024724649298597193,0,0,2060.392218017578,0.4525782015849026,6.756695750467479,-12.568056675797187
882,0.024752745490981963,0,0,2052.2519376220703,0.45023234077392593,6.8490308330962435,-12.607973620087163
883,0.024780841683366733,0,0,2044.0771451416015,0.4479958181349966,6.941827049084008,-12.646621937956048
884,0.024808937875751502,0,0,2035.7887667236328,0.44572534343334397,7.034628262815997,-12.684871500750367
885,0.024837034068136272,0,0,2027.438910522461,0.44315247149195003,7.127536867681891,-12.721904118595496
886,0.02486513026052104,0,0,2018.7016553955077,0.4403229438749556,7.219759896192699,-12.756317960891153
887,0.02489322645290581,0,0,2009.5417767333984,0.4373857034194201,7.311241868712008,-12.78898074268202
888,0.02492132264529058,0,0,2000.0602336425782,0.43360281774575776,7.402370298407972,-12.820229729563783
889,0.02494941883767535,0,0,1990.288858581543,0.4295611101708959,7.493342433593236,-12.850534854436493
890,0.02497751503006012,0,0,1980.2003712768555,0.4257019376975336,7.583260685436428,-12.878706427952235
891,0.02500561122244489,0,0,1969.7652985839843,0.4225520475449486,7.672025592155754,-12.902523088457867
892,0.02503370741482966,0,0,1958.7019682617188,0.41997752252114173,7.757284729620442,-12.919574643983912
893,0.02506180360721443,0,0,1947.5367086791991,0.4156514482943247,7.840484570574016,-12.93052216548772
894,0.025089899799599198,0,0,1936.0483973388673,0.4096584230828882,7.9207179434038695,-12.933810448005879
895,0.025117995991983968,0,0,1924.1015282592773,0.4039428730114275,7.996803273703903,-12.929646434257226
896,0.025146092184368737,0,0,1911.8127559204102,0.3980738950025725,8.068914251554757,-12.921960460425687
897,0.025174188376753507,0,0,1899.1227542114257,0.39158858223606774,8.137562586503103,-12.91009487331592
898,0.025202284569138277,0,0,1886.2031893310548,0.3848484557670184,8.20385499428492,-12.894045703231246
899,0.025230380761523046,0,0,1873.106837463379,0.3782811972126878,8.268346050559892,-12.875005566642402
900,0.025258476953907816,0,0,1859.6470834350587,0.37189160182088793,8.330386467479169,-12.852299999746428
901,0.025286573146292585,0,0,1845.9198814086915,0.3663333664319778,8.3888519814834,-12.826270673699305
902,0.025314669338677355,0,0,1831.8369188842773,0.36143034222663695,8.443129115268588,-12.79543802439775
903,0.025342765531062125,0,0,1817.28215423584,0.35782236774615395,8.492145488500595,-12.757473679614362
904,0.025370861723446894,0,0,1802.3116143798827,0.3549588643414307,8.535535560190677,-12.712558864371616
905,0.025398957915831664,0,0,1786.9367637939454,0.3533405756998203,8.573535938948392,-12.661055209737407
906,0.025427054108216433,0,0,1771.1729014282228,0.35415757297243305,8.606090911448002,-12.604222858308937
907,0.025455150300601203,0,0,1754.9186517944336,0.3576492584044797,8.632120871424675,-12.541807583599978
908,0.025483246492985973,0,0,1738.3170237426757,0.3622114289082979,8.652118233382701,-12.473893649035201
909,0.025511342685370742,0,0,1721.3175600585937,0.3678247973832157,8.665030706703662,-12.399418745353321
910,0.025539438877755512,0,0,1703.5973924560546,0.3749322827641129,8.667402180850505,-12.314445198221922
911,0.02556753507014028,0,0,1685.1320838012696,0.383235118852611,8.660180440306663,-12.2187817616099
912,0.02559563126252505,0,0,1665.5557364501954,0.3937764758754577,8.639407855421304,-12.10973801450777
913,0.02562372745490982,0,0,1645.3681520996095,0.40516600878933273,8.610256824880839,-11.992052610209377
914,0.02565182364729459,0,0,1624.6497035522461,0.41744869122375006,8.573265787541866,-11.864735077894641
915,0.02567991983967936,0,0,1602.8820075073243,0.4301650132571466,8.522818309649825,-11.721532056343083
916,0.02570801603206413,0,0,1580.181966064453,0.44217108320967735,8.460163977086545,-11.56483714151491
917,0.0257361122244489,0,0,1556.4248689575195,0.4535096726556466,8.3832859749645,-11.394695823755537
918,0.02576420841683367,0,0,1531.4611181030273,0.46505225724731986,8.290347005251794,-11.208729890313123
919,0.025792304609218438,0,0,1505.0849259643555,0.47751480017575637,8.18020718195662,-11.00756895040392
920,0.025820400801603208,0,0,1477.4406635742187,0.4909874228760572,8.054324220445007,-10.789634911372113
921,0.025848496993987977,0,0,1448.473532775879,0.5046569267655344,7.911858824850525,-10.555800827635995
922,0.025876593186372747,0,0,1418.7181622314454,0.5185713256961159,7.756394448477775,-10.310258281338736
923,0.025904689378757517,0,0,1387.7986504516603,0.5323118920814859,7.5845252774059775,-10.050091672271483
924,0.025932785571142286,0,0,1355.2541872558593,0.5442158697599018,7.392509376570582,-9.77033265210389
925,0.025960881763527056,0,0,1320.869309387207,0.5539339414792075,7.179766350127757,-9.469615015850085
926,0.025988977955911825,0,0,1284.4016395874023,0.5599270940085012,6.94495790655911,-9.144391357561576
927,0.026017074148296595,0,0,1245.7142048950195,0.5610971695124627,6.686299320496619,-8.792980472832376
928,0.026045170340681364,0,0,1204.9341396484374,0.5575197026702741,6.406836627118289,-8.416861015479585
929,0.026073266533066134,0,0,1162.2441079711914,0.5496005949733805,6.107323472607881,-8.01794468930178
930,0.026101362725450904,0,0,1117.7401687011718,0.5377394619645123,5.787186386529356,-7.596618694713343
931,0.026129458917835673,0,0,1071.6737316894532,0.5224736496793031,5.453452774342615,-7.1612848921014685
932,0.026157555110220443,0,0,1024.5334393920898,0.5045479219904853,5.110780459878035,-6.716194624456921
933,0.026185651302605212,0,0,976.7783126220703,0.48502214576970765,4.762398030225188,-6.265848208974188
934,0.026213747494989982,0,0,928.5353881835938,0.4634918998126002,4.409318834085018,-5.811582262593213
935,0.026241843687374748,0,0,879.8001443786621,0.4401350863432562,4.051660255454481,-5.354082209774948
936,0.026269939879759518,0,0,830.9280837402343,0.41669097704763125,3.6922169102914633,-4.896506985144236
937,0.026298036072144287,0,0,782.3637255249023,0.3932064811155816,3.3326045811641962,-4.441991846815381
938,0.026326132264529057,0,0,734.1518228149414,0.37083959118839993,2.9739315930064767,-3.9917528998434277
939,0.026354228456913827,0,0,686.1480056457519,0.34662762573865763,2.614386055463925,-3.5449954723566743
940,0.026382324649298596,0,0,638.806616027832,0.3192739809952583,2.2558868522560225,-3.103199002775465
941,0.026410420841683366,0,0,592.6871873474121,0.28934059651254246,1.9035010041948408,-2.671730516119736
942,0.026438517034068135,0,0,548.2317889709473,0.25555735300566645,1.561092593986541,-2.2561992798553856
943,0.026466613226452905,0,0,507.0242735290527,0.2189019458133314,1.2363651834875344,-1.8651221530110984
944,0.026494709418837675,0,0,470.41117282104494,0.18097124049304994,0.9388960516820661,-1.511798388876186
945,0.026522805611222444,0,0,439.28750485229494,0.14146419126213608,0.6831562346487772,-1.2041179330913214
946,0.026550901803607214,0,0,416.5811918334961,0.10167232827108277,0.4972385095557038,-0.9680015607294159
947,0.026578997995991983,0,0,401.9966838684082,0.0657376437353382,0.37551709149003726,-0.8061192136641243
948,0.026607094188376753,0,0,390.84138732910156,0.033870894775223884,0.28024196286894587,-0.6765488749010462
949,0.026635190380761523,0,0,382.5667511291504,0.007295733668837041,0.20872847444933723,-0.5770410352522555
950,0.026663286573146292,0,0,377.0072667236328,-0.012116338693455256,0.1627295084065554,-0.5083317222306875
951,0.026691382765531062,0,0,373.4058210449219,-0.026469969799974288,0.13066210049926302,-0.45971468210320415
952,0.02671947895791583,0,0,371.22096856689456,-0.03609570711088679,0.10897904629004188,-0.42837158774665124
953,0.0267475751503006,0,0,369.7983921203613,-0.042539398440164904,0.09465301851183176,-0.40596827408319497
954,0.02677567134268537,0,0,368.57714974975585,-0.04793823688635412,0.08282892256433842,-0.38683072882149866
955,0.02680376753507014,0,0,367.3670887451172,-0.05302280555057479,0.07115107711288146,-0.3680036207157211
956,0.02683186372745491,0,0,366.1288252258301,-0.05819721218511873,0.059160098025316986,-0.34792958807951074
957,0.02685995991983968,0,0,364.7751081848144,-0.06374167104441249,0.04559015357727912,-0.32626497935557724
958,0.02688805611222445,0,0,363.2601569519043,-0.06914612396055608,0.031043739686145273,-0.3036480823510318
959,0.02691615230460922,0,0,361.65718280029296,-0.07457054271171262,0.015588712879056402,-0.2797061759241595
960,0.026944248496993988,0,0,360.117865814209,-0.07907750705207528,0.0011855597024477901,-0.2547864127743161
961,0.026972344689378758,0,0,358.5324641418457,-0.08204818216267835,-0.011448105671239318,-0.22690536808190845
962,0.027000440881763527,0,0,356.9457877197266,-0.0842535504025197,-0.021220463236884826,-0.19894430050308615
963,0.027028537074148297,0,0,355.32077523803713,-0.08552110665460594,-0.0284923147108384,-0.17091129941147626
964,0.027056633266533067,0,0,353.72778967285154,-0.08582402323759401,-0.03340656185477974,-0.1451036472225238
965,0.027084729458917836,0,0,352.4549843444824,-0.08415141020385568,-0.03692912521025937,-0.12312883225535762
966,0.027112825651302606,0,0,351.5489899291992,-0.08081467751222227,-0.0372622811943038,-0.10672289142168305
967,0.027140921843687375,0,0,350.83775646972657,-0.07716654639708946,-0.03621593815836331,-0.09288832962547779
968,0.027169018036072145,0,0,350.16448712158206,-0.07418279699252844,-0.036137312961167484,-0.0799098735016027
969,0.027197114228456915,0,0,349.61242529296874,-0.07179599029002179,-0.0364490764579823,-0.06947100996546274
970,0.027225210420841684,0,0,349.23057998657225,-0.06972361351504701,-0.037135938567676934,-0.06186250673125915
971,0.027253306613226454,0,0,348.98982022094725,-0.0669991405582605,-0.03746570012938173,-0.057226564880555685
972,0.027281402805611223,0,0,348.765845703125,-0.06412602742837718,-0.03715938232788176,-0.054907690412062116
973,0.027309498997995993,0,0,348.5794059448242,-0.060565862888134675,-0.036509575881387715,-0.054368950544814436
974,0.027337595190380762,0,0,348.41672860717773,-0.05666697563708411,-0.03553595515160487,-0.05675026465902104
975,0.027365691382765532,0,0,348.1867115478516,-0.052622872770356335,-0.0345304642491792,-0.060898637524034946
976,0.0273937875751503,0,0,347.9073986206055,-0.04788759039842217,-0.03356232852921312,-0.06745249170547075
977,0.02742188376753507,0,0,347.5588569641113,-0.0425062796051856,-0.032371073036167215,-0.07438966286437389
978,0.02744997995991984,0,0,347.0451767883301,-0.03659905834020432,-0.030531887096132776,-0.08185235105824715
979,0.02747807615230461,0,0,346.23144006347655,-0.03058811631347332,-0.02867593127713553,-0.08957497178324048
980,0.02750617234468938,0,0,344.83419876098634,-0.024358611376576973,-0.02606133571115447,-0.09423303862227837
981,0.02753426853707415,0,0,342.97234085083005,-0.019234577365870704,-0.023297481221034103,-0.09738909854337953
982,0.02756236472945892,0,0,340.87383026123047,-0.01446725269982539,-0.01978973281375511,-0.0990762796182054
983,0.02759046092184369,0,0,338.5385768737793,-0.010441445182623372,-0.016377828870883605,-0.09774057729541936
984,0.02761855711422846,0,0,336.36340997314454,-0.007306064779730266,-0.013919419992313123,-0.0944303196381463
985,0.027646653306613228,0,0,334.4816860046387,-0.005130039665826444,-0.01232876911582025,-0.09016841429041225
986,0.027674749498997998,0,0,332.96961364746096,-0.00360824426535122,-0.011508123799224904,-0.08586799929986445
987,0.027702845691382767,0,0,331.7074637145996,-0.002473273313866826,-0.011398141791588387,-0.08234174454087481
988,0.027730941883767537,0,0,330.63230172729493,-0.0011629452389646374,-0.011452314815606542,-0.07967924426016308
989,0.027759038076152306,0,0,329.63180685424805,9.061423071860197e-06,-0.011556531851177169,-0.07768709867271835
990,0.027787134268537076,0,0,328.70386181640623,0.0008979450456017856,-0.011728153126829056,-0.07601082382954123
991,0.027815230460921846,0,0,327.8533617858887,0.0016740868030107848,-0.012168633297590532,-0.07445767803897174
992,0.027843326653306615,0,0,326.96215182495115,0.0021569748266724617,-0.012649862203372322,-0.0723342222689452
993,0.027871422845691385,0,0,325.64514596557615,0.002652935274665779,-0.012418589201920896,-0.06850642116629015
994,0.027899519038076154,0,0,323.24489929199217,0.0029789870658495673,-0.011355326075479752,-0.06209339742629066
995,0.02792761523046092,0,0,319.446943939209,0.0021121868514167507,-0.010244206488569035,-0.05157379164554755
996,0.02795571142284569,0,0,314.6281129760742,0.0008903785689994501,-0.008606749883259908,-0.03961751024951456
997,0.02798380761523046,0,0,309.4941272583008,0.0005992764704437172,-0.005935916284593987,-0.026816548094398776
998,0.02801190380761523,0,0,304.31052474975587,0.00047081274396677293,-0.0030321743138702006,-0.014233138324315976
999,0.02804,0,0,300.0,5.061909394352055e-06,-0.0001727165172497962,-0.0019180215853960428